Symbol,Name,Last Sale,Net Change,% Change,Market Cap,Country,IPO Year,Volume,Sector,Industry
AAP,Advance Auto Parts Inc Advance Auto Parts Inc W/I,$204.16,1.35,0.666%,13323685760.00,United States,,513082,Consumer Services,Other Specialty Stores
AAT,American Assets Trust Inc. Common Stock,$34.86,1.10,3.258%,2108063890.00,United States,2011,312110,Consumer Services,Real Estate Investment Trusts
AB,AllianceBernstein Holding L.P.  Units,$46.30,1.15,2.547%,4652680009.00,United States,,757419,Finance,Investment Managers
ABBV,AbbVie Inc. Common Stock,$116.08,0.30,0.259%,204860979444.00,United States,2012,5801679,Health Care,Other Pharmaceuticals
ABC,AmerisourceBergen Corporation Common Stock,$117.63,-1.19,-1.002%,24079584425.00,United States,,1650693,Health Care,Other Pharmaceuticals
ABG,Asbury Automotive Group Inc Common Stock,$209.17,3.58,1.741%,4045202636.00,United States,2002,92034,Consumer Services,Other Specialty Stores
ABM,ABM Industries Incorporated Common Stock,$52.28,-0.15,-0.286%,3507449307.00,United States,,352358,Technology,Diversified Commercial Services
ABR,Arbor Realty Trust Common Stock,$17.25,-0.59,-3.307%,2306153535.00,United States,2004,2226871,Consumer Services,Real Estate Investment Trusts
ABT,Abbott Laboratories Common Stock,$118.79,0.28,0.236%,210439972437.00,United States,,4305330,Health Care,Medical/Dental Instruments
ACC,American Campus Communities Inc Common Stock,$45.84,0.60,1.326%,6319767905.00,United States,2004,916935,Consumer Services,Real Estate Investment Trusts
ACI,Albertsons Companies Inc. Class A Common Stock,$19.29,0.68,3.654%,8999057240.00,United States,2020,1947085,Consumer Services,Food Chains
ACM,AECOM Common Stock,$68.97,0.79,1.159%,10192008437.00,United States,2007,750381,Consumer Services,Military/Government/Technical
ADC,Agree Realty Corporation Common Stock,$69.85,0.14,0.201%,4440574679.00,United States,,737374,Consumer Services,Real Estate Investment Trusts
ADS,Alliance Data Systems Corporation Common Stock,$120.68,-1.49,-1.22%,6000539660.00,United States,2001,474705,Finance,Diversified Financial Services
ADT,ADT Inc. Common Stock,$9.52,0.31,3.366%,7897990149.00,United States,2018,6348977,Consumer Services,Diversified Commercial Services
AEL,American Equity Investment Life Holding Company Common Stock,$31.50,-0.02,-0.063%,3007387341.00,United States,2003,314842,Finance,Life Insurance
AEO,American Eagle Outfitters Inc. Common Stock,$36.18,0.33,0.921%,6049827593.00,United States,,1677494,Consumer Services,Clothing/Shoe/Accessory Stores
AFG,American Financial Group Inc. Common Stock,$128.22,3.06,2.445%,10925131143.00,United States,,376390,Finance,Property-Casualty Insurers
AFL,AFLAC Incorporated Common Stock,$56.18,0.80,1.445%,38183705206.00,United States,,3791524,Finance,Accident &Health Insurance
AIG,American International Group Inc. New Common Stock,$50.17,1.30,2.66%,43222746075.00,United States,,5557250,Finance,Life Insurance
AIN,Albany International Corporation Common Stock,$90.42,0.35,0.389%,2920566000.00,United States,,101338,Basic Industries,Textiles
AIZ,Assurant Inc. Common Stock,$161.88,2.48,1.556%,9796818958.00,United States,2004,425878,Finance,Specialty Insurers
AJG,Arthur J. Gallagher & Co. Common Stock,$148.84,1.38,0.936%,29155821080.00,United States,,1095342,Finance,Specialty Insurers
AL,Air Lease Corporation Class A Common Stock,$48.82,0.25,0.515%,5569915883.00,United States,2011,750060,Technology,Diversified Commercial Services
ALB,Albemarle Corporation Common Stock,$152.85,-14.30,-8.555%,17840358375.00,United States,,2553235,Basic Industries,Industrial Specialties
ALL,Allstate Corporation (The) Common Stock,$132.62,5.17,4.056%,39831308960.00,United States,,2624082,Finance,Property-Casualty Insurers
ALLE,Allegion plc Ordinary Shares,$140.16,3.92,2.877%,12611330076.00,United States,2013,799081,Consumer Services,Diversified Commercial Services
ALLY,Ally Financial Inc. Common Stock,$52.93,0.32,0.608%,19679638650.00,United States,2014,3289341,Finance,Diversified Financial Services
AME,AMETEK Inc.,$135.84,-1.04,-0.76%,31351847277.00,United States,,1509166,Consumer Durables,Metal Fabrications
AMG,Affiliated Managers Group Inc. Common Stock,$174.86,6.28,3.725%,7295255723.00,United States,,314953,Finance,Investment Managers
AMN,AMN Healthcare Services Inc AMN Healthcare Services Inc,$88.66,4.71,5.61%,4183021268.00,United States,,644367,Health Care,Assisted Living Services
AMP,Ameriprise Financial Inc. Common Stock,$263.60,2.35,0.90%,30577600000.00,United States,,492504,Finance,Investment Managers
AMRC,Ameresco Inc. Class A Common Stock,$49.46,0.54,1.104%,2535612651.00,United States,2010,489612,Basic Industries,Water Supply
AMT,American Tower Corporation (REIT) Common Stock,$244.02,-4.58,-1.842%,108539460328.00,United States,,5244112,Finance,Trusts Except Educational Religious and Charitable
AMWL,American Well Corporation Class A Common Stock,$13.62,-0.52,-3.678%,3243259830.00,United States,2020,4286505,Technology,Retail: Computer Software & Peripheral Equipment
AN,AutoNation Inc. Common Stock,$106.89,2.51,2.405%,8602485929.00,United States,,728564,Consumer Services,Other Specialty Stores
ANF,Abercrombie & Fitch Company Common Stock,$40.62,1.60,4.10%,2515779512.00,United States,,2812470,Consumer Services,Clothing/Shoe/Accessory Stores
ANTM,Anthem Inc. Common Stock,$388.72,-0.40,-0.103%,95174459023.00,United States,,1243734,Health Care,Medical Specialities
AON,Aon plc Class A Ordinary Shares (Ireland),$256.63,2.27,0.892%,57907853768.00,United States,,1421361,Finance,Specialty Insurers
APAM,Artisan Partners Asset Management Inc. Class A Common Stock,$56.35,1.95,3.585%,4460815440.00,United States,2013,671291,Finance,Investment Managers
APD,Air Products and Chemicals Inc. Common Stock,$293.65,1.06,0.362%,64977958749.00,United States,,1178739,Basic Industries,Major Chemicals
APLE,Apple Hospitality REIT Inc. Common Shares,$15.60,0.01,0.064%,3489037718.00,United States,2015,1838970,Consumer Services,Real Estate Investment Trusts
APO,Apollo Global Management Inc. Class A Common Stock,$57.19,0.55,0.971%,13280808893.00,United States,2011,1935132,Finance,Investment Managers
ARE,Alexandria Real Estate Equities Inc. Common Stock,$176.50,1.00,0.57%,26034330332.00,United States,,589883,Consumer Services,Real Estate Investment Trusts
ARI,Apollo Commercial Real Estate Finance Inc,$15.32,0.08,0.525%,2143023799.00,United States,2009,812031,Consumer Services,Real Estate Investment Trusts
ARW,Arrow Electronics Inc. Common Stock,$114.30,1.29,1.141%,8467038476.00,United States,,508048,Technology,Electronic Components
ASB,Associated Banc-Corp Common Stock,$23.12,0.32,1.404%,3532921422.00,United States,,1987401,Finance,Major Banks
ASGN,ASGN Incorporated Common Stock,$104.34,0.69,0.666%,5550671077.00,United States,1992,128681,Technology,Diversified Commercial Services
ASH,Ashland Global Holdings Inc. Common Stock,$88.35,1.27,1.458%,5359963730.00,United States,,476260,Basic Industries,Specialty Chemicals
ATI,Allegheny Technologies Incorporated Common Stock,$24.74,0.83,3.471%,3147004001.00,United States,,1321634,Basic Industries,Steel/Iron Ore
ATKR,Atkore Inc. Common Stock,$86.69,0.32,0.37%,4073068707.00,United States,2016,399202,Technology,Electrical Products
AVB,AvalonBay Communities Inc. Common Stock,$193.29,5.33,2.836%,26984124812.00,United States,,710907,Consumer Services,Real Estate Investment Trusts
AVLR,Avalara Inc. Common Stock,$124.08,-6.21,-4.766%,10671342446.00,United States,2018,1135833,Technology,EDP Services
AVNS,Avanos Medical Inc. Common Stock,$42.82,0.20,0.469%,2057861502.00,United States,2014,361191,Health Care,Industrial Specialties
AVNT,Avient Corporation Common Stock,$53.31,0.12,0.226%,4866916299.00,United States,,336910,Basic Industries,Major Chemicals
AX,Axos Financial Inc. Common Stock,$46.29,0.86,1.893%,2742140722.00,United States,2018,215107,Finance,Savings Institutions
AXP,American Express Company Common Stock,$156.88,0.49,0.313%,126022152520.00,United States,,2796567,Finance,Finance: Consumer Services
AXTA,Axalta Coating Systems Ltd. Common Shares,$33.50,0.27,0.813%,7803730731.00,United States,2014,2084392,Basic Industries,Paints/Coatings
AYI,Acuity Brands Inc. ,$190.48,0.83,0.438%,6801168402.00,United States,,316043,Consumer Durables,Building Products
AYX,Alteryx Inc. Class A Common Stock,$77.72,-1.35,-1.707%,5212717861.00,United States,2017,1621721,Technology,Computer Software: Prepackaged Software
BAC,Bank of America Corporation Common Stock,$42.01,0.62,1.498%,362430879710.00,United States,,39009509,Finance,Major Banks
BAH,Booz Allen Hamilton Holding Corporation Common Stock,$84.06,0.34,0.406%,11575580650.00,United States,2010,712043,Consumer Services,Professional Services
BAX,Baxter International Inc. Common Stock,$87.53,0.83,0.957%,44014634947.00,United States,,1989136,Health Care,Medical/Dental Instruments
BBY,Best Buy Co. Inc. Common Stock,$120.04,3.66,3.145%,30015386915.00,United States,,2293163,Consumer Services,Consumer Electronics/Video Chains
BC,Brunswick Corporation Common Stock,$115.19,2.67,2.373%,8981591915.00,United States,,617024,Consumer Non-Durables,Recreational Products/Toys
BDC,Belden Inc Common Stock,$50.66,2.44,5.06%,2265086920.00,United States,,613772,Basic Industries,Telecommunications Equipment
BDN,Brandywine Realty Trust Common Stock,$13.75,0.39,2.919%,2346619701.00,United States,,1562746,Consumer Services,Real Estate Investment Trusts
BDX,Becton Dickinson and Company Common Stock,$240.81,-8.96,-3.587%,69969751433.00,United States,,2813839,Health Care,Medical/Dental Instruments
BEN,Franklin Resources Inc. Common Stock,$33.98,0.31,0.921%,17173619493.00,United States,,3513675,Finance,Investment Managers
BERY,Berry Global Group Inc. Common Stock,$67.55,1.29,1.947%,9051700000.00,United States,2012,1038575,Consumer Non-Durables,Plastic Products
BG,Bunge Limited Bunge Limited,$88.97,-1.03,-1.144%,12539648442.00,United States,2001,1031972,Consumer Non-Durables,Packaged Foods
BHVN,Biohaven Pharmaceutical Holding Company Ltd. Common Shares,$70.79,-1.15,-1.599%,4574384461.00,United States,2017,329442,Health Care,Major Pharmaceuticals
BIG,Big Lots Inc. Common Stock,$69.84,1.01,1.467%,2451487503.00,United States,,625829,Consumer Services,Department/Specialty Retail Stores
BJ,BJ's Wholesale Club Holdings Inc. Common Stock,$46.69,1.05,2.301%,6407646469.00,United States,2018,1643417,Consumer Services,Department/Specialty Retail Stores
BK,The Bank of New York Mellon Corporation Common Stock,$51.89,0.44,0.855%,45428709090.00,United States,,4923237,Finance,Investment Managers
BKE,Buckle Inc. (The) Common Stock,$45.31,2.15,4.981%,2255934651.00,United States,,518403,Consumer Services,Clothing/Shoe/Accessory Stores
BKU,BankUnited Inc. Common Stock,$48.76,0.72,1.499%,4547534696.00,United States,2011,521930,Finance,Savings Institutions
BLK,BlackRock Inc. Common Stock,$867.10,16.09,1.891%,132353983587.00,United States,1999,666573,Finance,Investment Bankers/Brokers/Service
BLL,Ball Corporation Common Stock,$90.56,-2.31,-2.487%,29709852117.00,United States,,1889631,Consumer Durables,Containers/Packaging
BMY,Bristol-Myers Squibb Company Common Stock,$64.46,-0.22,-0.34%,143929108447.00,United States,,11096802,Health Care,Major Pharmaceuticals
BNL,Broadstone Net Lease Inc. Common Stock,$20.05,-0.05,-0.249%,2923526690.00,United States,2020,705253,Consumer Services,Real Estate Investment Trusts
BOH,Bank of Hawaii Corporation Common Stock,$94.89,1.54,1.65%,3833017404.00,United States,,153243,Finance,Major Banks
BOOT,Boot Barn Holdings Inc. Common Stock,$73.37,0.10,0.136%,2128074325.00,United States,2014,392321,Consumer Services,Clothing/Shoe/Accessory Stores
BOX,Box Inc. Class A Common Stock,$20.74,-0.15,-0.718%,3373792019.00,United States,2015,2081662,Technology,Computer Software: Prepackaged Software
BRO,Brown & Brown Inc. Common Stock,$53.55,0.39,0.734%,15092972235.00,United States,,1465861,Finance,Specialty Insurers
BSM,Black Stone Minerals L.P. Common units representing limited partner interests,$10.57,-0.07,-0.658%,2190805668.00,United States,2015,263256,Energy,Oil & Gas Production
BSMX,Banco Santander Mexico S.A. Institucion de Banca Multiple Grupo Financiero Santander Mexico,$5.70,0.09,1.604%,7723563532.00,Mexico,2012,366003,Finance,Commercial Banks
BSX,Boston Scientific Corporation Common Stock,$43.04,-0.05,-0.116%,61139043115.00,United States,,8257468,Health Care,Medical/Dental Instruments
BX,The Blackstone Group Inc. Common Stock,$88.33,0.26,0.295%,62808419413.00,United States,2007,2451495,Finance,Investment Managers
BXMT,Blackstone Mortgage Trust Inc. Common Stock,$31.48,-0.03,-0.095%,4628534212.00,United States,,1369349,Consumer Services,Real Estate Investment Trusts
BXP,Boston Properties Inc. Common Stock,$107.51,1.32,1.243%,16779537242.00,United States,1997,771416,Consumer Services,Real Estate Investment Trusts
BXS,BancorpSouth Bank Common Stock,$30.87,0.63,2.083%,3168686064.00,United States,,827150,Finance,Major Banks
BYD,Boyd Gaming Corporation Common Stock,$65.94,-0.81,-1.213%,7390613689.00,United States,1993,913980,Consumer Services,Movies/Entertainment
C,Citigroup Inc. Common Stock,$74.78,1.07,1.452%,156042418040.00,United States,,19603564,Finance,Major Banks
CABO,Cable One Inc. Common Stock,$1704.70,6.55,0.386%,10287092271.00,United States,2015,65764,Consumer Services,Telecommunications Equipment
CACI,CACI International Inc. Class A Common Stock,$261.71,-0.94,-0.358%,6163460501.00,United States,,168104,Technology,EDP Services
CADE,Cadence Bancorporation Class A Common Stock,$23.17,0.62,2.749%,2889264315.00,United States,2017,1142876,Finance,Commercial Banks
CAG,ConAgra Brands Inc. Common Stock,$38.15,0.38,1.006%,18309972900.00,United States,,5065167,Consumer Non-Durables,Packaged Foods
CAH,Cardinal Health Inc. Common Stock,$56.54,-4.29,-7.052%,16603963842.00,United States,,7116963,Health Care,Other Pharmaceuticals
CALX,Calix Inc Common Stock,$46.33,0.65,1.423%,2912003535.00,United States,2010,683957,Technology,Computer Software: Prepackaged Software
CBRE,CBRE Group Inc Common Stock Class A,$85.32,0.36,0.424%,28638288515.00,United States,,2082407,Finance,Real Estate
CBT,Cabot Corporation Common Stock,$62.92,2.01,3.30%,3562310180.00,United States,,611416,Basic Industries,Specialty Chemicals
CBU,Community Bank System Inc. Common Stock,$81.15,0.76,0.945%,4371956250.00,United States,,231164,Finance,Major Banks
CC,Chemours Company (The) Common Stock,$34.65,0.87,2.575%,5723997395.00,United States,2015,1405668,Basic Industries,Industrial Specialties
CCK,Crown Holdings Inc.,$112.71,1.95,1.761%,15204461443.00,United States,,1176584,Consumer Durables,Containers/Packaging
CDAY,Ceridian HCM Holding Inc. Common Stock,$88.81,-0.29,-0.325%,13035156223.00,United States,2018,2301165,Technology,EDP Services
CDE,Coeur Mining Inc. Common Stock,$9.23,0.52,5.97%,2246918637.00,United States,,4715218,Basic Industries,Precious Metals
CE,Celanese Corporation Celanese Corporation Common Stock,$168.39,0.90,0.537%,18966196778.00,United States,2005,667553,Basic Industries,Major Chemicals
CF,CF Industries Holdings Inc. Common Stock,$52.17,2.09,4.173%,11188263739.00,United States,2005,3592925,Basic Industries,Agricultural Chemicals
CFG,Citizens Financial Group Inc. Common Stock,$49.15,0.46,0.945%,20934467315.00,United States,2014,3678607,Finance,Major Banks
CFR,Cullen/Frost Bankers Inc. Common Stock,$124.08,0.41,0.332%,7884700328.00,United States,,207103,Finance,Major Banks
CHD,Church & Dwight Company Inc. Common Stock,$88.48,0.19,0.215%,21699357409.00,United States,,895015,Consumer Non-Durables,Package Goods/Cosmetics
CHE,Chemed Corp,$483.34,6.87,1.442%,7721372934.00,United States,,94747,Health Care,Medical/Nursing Services
CHH,Choice Hotels International Inc. Common Stock,$110.84,0.26,0.235%,6155826821.00,United States,,250229,Consumer Services,Hotels/Resorts
CI,Cigna Corporation Common Stock,$256.93,-1.49,-0.577%,89252830796.00,United States,,1709147,Health Care,Medical Specialities
CIM,Chimera Investment Corporation Common Stock,$13.48,-0.04,-0.296%,3110023102.00,United States,2007,1913233,Consumer Services,Real Estate Investment Trusts
CIT,CIT Group Inc (DEL) Common Stock,$51.57,0.57,1.118%,5108833620.00,United States,,782424,Finance,Major Banks
CL,Colgate-Palmolive Company Common Stock,$82.31,0.99,1.217%,69631690282.00,United States,,3850097,Consumer Non-Durables,Package Goods/Cosmetics
CLDR,Cloudera Inc. Common Stock,$12.00,0.14,1.18%,3527745780.00,Canada,2017,3152846,Technology,Computer Software: Prepackaged Software
CLGX,CoreLogic Inc. Common Stock,$79.61,-0.07,-0.088%,5860767352.00,United States,,875248,Technology,EDP Services
CLNY,Colony Capital Inc.,$6.88,-0.14,-1.994%,3343342956.00,United States,2014,4055900,Consumer Services,Real Estate Investment Trusts
CLR,Continental Resources Inc. Common Stock,$29.28,-0.02,-0.068%,10761413029.00,United States,2007,1206491,Energy,Oil & Gas Production
CLX,Clorox Company (The) Common Stock,$184.61,0.50,0.272%,22960321381.00,United States,,1247856,Consumer Durables,Specialty Chemicals
CMA,Comerica Incorporated Common Stock,$78.06,0.43,0.554%,10898173529.00,United States,,1500968,Finance,Major Banks
CMC,Commercial Metals Company Common Stock,$32.22,0.83,2.644%,3882844121.00,United States,,769416,Basic Industries,Steel/Iron Ore
CMD,Cantel Medical Corp. Common Stock,$87.73,0.25,0.286%,3708437988.00,United States,,207724,Health Care,Medical/Dental Instruments
CMG,Chipotle Mexican Grill Inc. Common Stock,$1411.41,-15.09,-1.058%,39731867565.00,United States,2006,287382,Consumer Services,Restaurants
CMP,Compass Minerals Intl Inc Common Stock,$70.02,0.35,0.502%,2378919207.00,United States,2003,213243,Basic Industries,Precious Metals
CNA,CNA Financial Corporation Common Stock,$48.20,0.69,1.452%,13081466456.00,United States,,164966,Finance,Property-Casualty Insurers
CNC,Centene Corporation Common Stock,$65.19,-0.10,-0.153%,37988480113.00,United States,,4023770,Health Care,Medical Specialities
CNK,Cinemark Holdings Inc Cinemark Holdings Inc. Common Stock,$20.49,-0.63,-2.983%,2449374375.00,United States,2007,2649896,Consumer Services,Movies/Entertainment
CNMD,CONMED Corporation Common Stock,$142.52,1.12,0.792%,4146211935.00,United States,1987,210967,Health Care,Biotechnology: Electromedical & Electrotherapeutic Apparatus
CNO,CNO Financial Group Inc. Common Stock,$26.91,0.79,3.025%,3559338742.00,United States,,851198,Finance,Life Insurance
CNQ,Canadian Natural Resources Limited Common Stock,$33.20,0.71,2.185%,39383305548.00,Canada,,2962469,Energy,Oil & Gas Production
CNS,Cohen & Steers Inc Common Stock,$70.10,0.44,0.632%,3380870495.00,United States,2004,133862,Finance,Investment Managers
CNX,CNX Resources Corporation Common Stock,$13.69,-0.07,-0.509%,3015497532.00,United States,1999,2208177,Energy,Oil & Gas Production
COF,Capital One Financial Corporation Common Stock,$156.44,2.84,1.849%,71461792000.00,United States,1994,3663729,Finance,Finance Companies
COG,Cabot Oil & Gas Corporation Common Stock,$17.11,-0.36,-2.061%,6834071888.00,United States,1990,7874975,Energy,Oil & Gas Production
COLD,Americold Realty Trust Common Shares,$37.83,-0.77,-1.995%,9552510726.00,United States,2018,2147960,Finance,Real Estate
COO,The Cooper Companies Inc. Common Stock,$405.50,4.62,1.152%,19930758074.00,United States,,219160,Health Care,Ophthalmic Goods
COP,ConocoPhillips Common Stock,$55.70,0.26,0.469%,75314805130.00,United States,,9647491,Energy,Integrated oil Companies
COR,CoreSite Realty Corporation Common Stock,$117.60,-0.57,-0.482%,5055017890.00,United States,2010,344246,Consumer Services,Real Estate Investment Trusts
COTY,Coty Inc. Class A Common Stock,$9.99,0.16,1.628%,7660287065.00,United States,2013,4971376,Consumer Non-Durables,Package Goods/Cosmetics
CPB,Campbell Soup Company Common Stock,$49.82,0.97,1.986%,15095925817.00,United States,,2397197,Consumer Non-Durables,Packaged Foods
CPT,Camden Property Trust Common Stock,$120.96,2.94,2.491%,11815668426.00,United States,1993,489012,Consumer Services,Real Estate Investment Trusts
CRI,Carter's Inc. Common Stock,$108.67,-1.52,-1.379%,4776079862.00,United States,2003,624124,Consumer Services,Department/Specialty Retail Stores
CRL,Charles River Laboratories International Inc. Common Stock,$336.84,-8.37,-2.425%,16912771095.00,United States,2000,531041,Consumer Services,EDP Services
CRM,Salesforce.com Inc Common Stock,$218.05,2.65,1.23%,201092849611.00,United States,2004,5199152,Technology,Computer Software: Prepackaged Software
CTB,Cooper Tire & Rubber Company Common Stock,$58.96,0.25,0.426%,2978816328.00,United States,,277644,Consumer Durables,Automotive Aftermarket
CTLT,Catalent Inc. Common Stock,$106.18,-0.30,-0.282%,18074651257.00,United States,2014,1155686,Health Care,Major Pharmaceuticals
CUBE,CubeSmart Common Shares,$42.02,0.45,1.083%,8417345930.00,United States,,1062004,Consumer Services,Real Estate Investment Trusts
CUZ,Cousins Properties Incorporated Common Stock,$36.26,0.49,1.37%,5390168984.00,United States,,588882,Consumer Services,Real Estate Investment Trusts
CVI,CVR Energy Inc. Common Stock,$22.22,-1.22,-5.205%,2233789910.00,United States,2007,2000025,Energy,Integrated oil Companies
CVNA,Carvana Co. Class A Common Stock,$263.45,-17.17,-6.119%,45382145433.00,United States,2017,3422387,Consumer Services,Other Specialty Stores
CVS,CVS Health Corporation Common Stock,$83.70,0.66,0.795%,110196730803.00,United States,,9411514,Health Care,Managed Health Care
CVX,Chevron Corporation Common Stock,$109.02,0.06,0.055%,210197011695.00,United States,,9638019,Energy,Integrated oil Companies
CXP,Columbia Property Trust Inc. Common Stock,$18.11,0.14,0.779%,2080279854.00,United States,2013,922670,Consumer Services,Real Estate Investment Trusts
DAR,Darling Ingredients Inc. Common Stock,$70.78,-0.09,-0.127%,11547870460.00,United States,,1111254,Consumer Non-Durables,Farming/Seeds/Milling
DDD,3D Systems Corporation Common Stock,$18.42,-0.61,-3.205%,2300599461.00,United States,,3570502,Technology,Computer peripheral equipment
DDS,Dillard's Inc. Common Stock,$105.49,0.88,0.841%,2308594006.00,United States,,248730,Consumer Services,Department/Specialty Retail Stores
DECK,Deckers Outdoor Corporation Common Stock,$340.42,-4.32,-1.253%,9589604166.00,United States,1993,227239,Consumer Non-Durables,Shoe Manufacturing
DEI,Douglas Emmett Inc. Common Stock,$31.92,0.07,0.22%,5601023403.00,United States,2006,1352653,Consumer Services,Real Estate Investment Trusts
DFS,Discover Financial Services Common Stock,$117.73,1.46,1.256%,36065993318.00,United States,,1929097,Finance,Finance: Consumer Services
DG,Dollar General Corporation Common Stock,$218.50,2.62,1.214%,52279239062.00,United States,2009,1336413,Consumer Services,Department/Specialty Retail Stores
DGX,Quest Diagnostics Incorporated Common Stock,$138.39,1.82,1.333%,16823485111.00,United States,,1315243,Health Care,Medical Specialities
DHR,Danaher Corporation Common Stock,$256.99,2.49,0.978%,183305535773.00,United States,,1757163,Health Care,Medical Specialities
DIS,Walt Disney Company (The) Common Stock,$181.79,0.28,0.154%,329996824199.00,United States,,6937516,Consumer Services,Movies/Entertainment
DKS,Dick's Sporting Goods Inc Common Stock,$87.73,0.96,1.106%,7832571685.00,United States,2002,1363554,Consumer Services,Other Specialty Stores
DLB,Dolby Laboratories Common Stock,$96.88,-0.10,-0.103%,9844263855.00,United States,2005,520169,Technology,EDP Services
DLR,Digital Realty Trust Inc. Common Stock,$149.53,-0.63,-0.42%,42074909902.00,United States,2004,1129588,Consumer Services,Real Estate Investment Trusts
DNB,Dun & Bradstreet Holdings Inc. Common Stock,$22.60,-0.16,-0.703%,9750510710.00,United States,2020,2036418,Technology,EDP Services
DOC,Physicians Realty Trust Common Shares of Beneficial Interest,$18.16,0.02,0.11%,3828586867.00,United States,2013,1571597,Consumer Services,Real Estate Investment Trusts
DPZ,Domino's Pizza Inc Common Stock,$430.03,-1.86,-0.431%,16697373842.00,United States,2004,525159,Consumer Non-Durables,Food Distributors
DRE,Duke Realty Corporation Common Stock,$45.63,0.38,0.84%,17110577870.00,United States,,1971334,Consumer Services,Real Estate Investment Trusts
DRH,Diamondrock Hospitality Company Common Stock,$9.73,-0.30,-2.991%,2059642936.00,United States,2005,2093880,Consumer Services,Real Estate Investment Trusts
DRI,Darden Restaurants Inc. Common Stock,$141.75,-0.48,-0.337%,18546949040.00,United States,,1132690,Consumer Services,Restaurants
DT,Dynatrace Inc. Common Stock,$46.26,-1.80,-3.745%,13072789327.00,United States,2019,1805159,Technology,EDP Services
DVA,DaVita Inc. Common Stock,$124.30,1.78,1.453%,13200660000.00,United States,,645783,Health Care,Medical/Nursing Services
DVN,Devon Energy Corporation Common Stock,$25.27,0.04,0.159%,17104881625.00,United States,,11209332,Energy,Oil & Gas Production
DY,Dycom Industries Inc. Common Stock,$94.89,-1.70,-1.76%,2905661135.00,United States,,329786,Basic Industries,Water Supply
EAF,GrafTech International Ltd. Common Stock,$13.05,0.87,7.143%,3487419216.00,United States,2018,4630476,Consumer Durables,Metal Fabrications
EAT,Brinker International Inc. Common Stock,$63.46,-0.29,-0.455%,2903353256.00,United States,,872230,Consumer Services,Restaurants
EBS,Emergent Biosolutions Inc. Common Stock,$60.85,-0.16,-0.262%,3260676336.00,United States,2006,965187,Health Care,Major Pharmaceuticals
ECL,Ecolab Inc. Common Stock,$228.50,0.56,0.246%,65368849049.00,United States,,868579,Consumer Non-Durables,Package Goods/Cosmetics
EFX,Equifax Inc. Common Stock,$237.16,-2.69,-1.122%,28862971066.00,United States,,774293,Technology,Advertising
EGHT,8x8 Inc Common Stock,$29.42,-1.25,-4.076%,3162249123.00,United States,,1898452,Technology,EDP Services
EGO,Eldorado Gold Corporation Ordinary Shares,$11.02,0.38,3.571%,2003513471.00,Canada,,2220619,Basic Industries,Precious Metals
EGP,EastGroup Properties Inc. Common Stock,$154.33,2.04,1.34%,6176523805.00,United States,,154205,Consumer Services,Real Estate Investment Trusts
EHC,Encompass Health Corporation Common Stock,$85.41,0.73,0.862%,8506836000.00,United States,,349674,Health Care,Medical Specialities
EL,Estee Lauder Companies Inc. (The) Common Stock,$299.35,5.14,1.747%,108517929482.00,United States,1995,1120952,Consumer Non-Durables,Package Goods/Cosmetics
ELAN,Elanco Animal Health Incorporated Common Stock,$31.05,-0.06,-0.193%,14680431989.00,United States,2018,3050416,Health Care,Major Pharmaceuticals
ELS,Equity Lifestyle Properties Inc. Common Stock,$69.49,1.08,1.579%,12669072060.00,United States,,1021445,Consumer Services,Real Estate Investment Trusts
ELY,Callaway Golf Company Common Stock,$30.94,2.10,7.282%,5713749298.00,United States,1992,4315434,Consumer Non-Durables,Recreational Products/Toys
EMN,Eastman Chemical Company Common Stock,$124.04,1.00,0.813%,16909569669.00,United States,,549154,Basic Industries,Major Chemicals
ENB,Enbridge Inc Common Stock,$39.79,-0.15,-0.376%,80596477091.00,Canada,,3246532,Energy,Oil & Gas Production
ENR,Energizer Holdings Inc. Common Stock,$49.38,0.70,1.438%,3375961275.00,United States,2015,394606,Basic Industries,Metal Fabrications
ENS,EnerSys Common Stock,$89.73,1.37,1.55%,3830303433.00,United States,2004,391151,Consumer Non-Durables,Telecommunications Equipment
ENV,Envestnet Inc Common Stock,$70.71,0.04,0.057%,3847395093.00,United States,2010,667463,Technology,EDP Services
EOG,EOG Resources Inc. Common Stock,$76.98,0.27,0.352%,44929120349.00,United States,,4723362,Energy,Oil & Gas Production
EPAM,EPAM Systems Inc. Common Stock,$458.38,-2.90,-0.629%,25751541333.00,United States,2012,495292,Technology,EDP Services
EPR,EPR Properties Common Stock,$48.34,0.87,1.833%,3614219619.00,United States,1997,707015,Consumer Services,Real Estate Investment Trusts
EPRT,Essential Properties Realty Trust Inc. Common Stock,$25.68,0.48,1.905%,3017316463.00,United States,2018,559346,Consumer Services,Real Estate Investment Trusts
EQC,Equity Commonwealth Common Shares of Beneficial Interest,$27.51,-0.15,-0.542%,3354070094.00,United States,,2964695,Consumer Services,Real Estate Investment Trusts
EQR,Equity Residential Common Shares of Beneficial Interest,$73.58,1.65,2.294%,27519315787.00,United States,,1499641,Consumer Services,Real Estate Investment Trusts
EQT,EQT Corporation Common Stock,$18.41,-1.77,-8.771%,5133710701.00,United States,,19303885,Energy,Oil & Gas Production
ESI,Element Solutions Inc. Common Stock,$22.47,-0.42,-1.835%,5560348297.00,United States,2014,2478091,Basic Industries,Industrial Specialties
ESRT,Empire State Realty Trust Inc. Class A Common Stock,$11.79,0.17,1.463%,3367485703.00,United States,2013,1254033,Consumer Services,Real Estate Investment Trusts
ESS,Essex Property Trust Inc. Common Stock,$285.29,4.39,1.563%,18543539034.00,United States,1994,270039,Consumer Services,Real Estate Investment Trusts
ESTC,Elastic N.V. Ordinary Shares,$106.49,-4.16,-3.76%,9559053126.00,United States,2018,1783102,Technology,Computer Software: Prepackaged Software
EVR,Evercore Inc. Class A Common Stock,$144.02,1.07,0.749%,5897614103.00,United States,2006,316967,Finance,Investment Managers
EW,Edwards Lifesciences Corporation Common Stock,$91.75,-0.02,-0.022%,57035174290.00,United States,,2402801,Health Care,Industrial Specialties
EXR,Extra Space Storage Inc Common Stock,$145.56,-0.29,-0.199%,19465514638.00,United States,2004,660664,Consumer Services,Real Estate Investment Trusts
FAF,First American Corporation (New) Common Stock,$66.00,0.78,1.196%,7242916758.00,United States,,537327,Finance,Specialty Insurers
FBC,Flagstar Bancorp Inc. Common Stock,$46.09,-0.46,-0.988%,2431367611.00,United States,,801950,Finance,Savings Institutions
FBHS,Fortune Brands Home & Security Inc. Common Stock,$109.63,0.62,0.569%,15175860653.00,United States,,615757,Consumer Durables,Building Products
FBK,FB Financial Corporation Common Stock,$42.66,0.09,0.211%,2019169469.00,United States,2016,91745,Finance,Major Banks
FCN,FTI Consulting Inc. Common Stock,$144.49,0.24,0.166%,4944631736.00,United States,,164854,Consumer Services,Professional Services
FCPT,Four Corners Property Trust Inc. Common Stock,$27.76,0.02,0.072%,2114514205.00,United States,2015,366253,Consumer Services,Real Estate Investment Trusts
FCX,Freeport-McMoRan Inc. Common Stock,$42.07,0.53,1.276%,61615697431.00,United States,,25179399,Basic Industries,Precious Metals
FHI,Federated Hermes Inc. Common Stock,$32.34,0.41,1.284%,3203614727.00,United States,,976473,Finance,Investment Managers
FHN,First Horizon Corporation Common Stock,$19.01,0.30,1.603%,10493520000.00,United States,,4607561,Finance,Major Banks
FICO,Fair Isaac Corproation Common Stock,$494.21,-2.15,-0.433%,14448777923.00,United States,,302999,Technology,Computer Software: Prepackaged Software
FL,Foot Locker Inc.,$62.66,1.57,2.57%,6471412075.00,United States,,1537394,Consumer Services,Clothing/Shoe/Accessory Stores
FLO,Flowers Foods Inc. Common Stock,$24.67,0.31,1.273%,5222634929.00,United States,,1170119,Consumer Non-Durables,Farming/Seeds/Milling
FLT,FleetCor Technologies Inc. Common Stock,$286.45,-2.59,-0.896%,23875481462.00,United States,2010,862841,Technology,EDP Services
FMC,FMC Corporation Common Stock,$117.42,-4.41,-3.62%,15206996449.00,United States,,2553938,Basic Industries,Agricultural Chemicals
FMX,Fomento Economico Mexicano S.A.B. de C.V. Common Stock,$79.04,1.40,1.803%,28282300438.00,Mexico,,331929,Consumer Non-Durables,Beverages (Production/Distribution)
FNB,F.N.B. Corporation Common Stock,$13.52,0.19,1.425%,4308775680.00,United States,,1388715,Finance,Major Banks
FNF,FNF Group of Fidelity National Financial Inc. Common Stock,$46.22,0.42,0.917%,13359381794.00,United States,2014,1088279,Finance,Specialty Insurers
FOUR,Shift4 Payments Inc. Class A Common Stock,$84.15,-11.08,-11.635%,6809778919.00,United States,2020,4836736,Technology,EDP Services
FR,First Industrial Realty Trust Inc. Common Stock,$48.94,0.62,1.283%,6319500339.00,United States,1994,1272164,Consumer Services,Real Estate Investment Trusts
FRC,FIRST REPUBLIC BANK Common Stock,$186.91,0.42,0.225%,32565745735.00,United States,,546083,Finance,Commercial Banks
FRT,Federal Realty Investment Trust Common Stock,$113.98,4.08,3.712%,8856982995.00,United States,,1480497,Consumer Services,Real Estate Investment Trusts
FSS,Federal Signal Corporation Common Stock,$42.86,1.01,2.413%,2594665452.00,United States,,207997,Technology,Industrial Machinery/Components
FTAI,Fortress Transportation and Infrastructure Investors LLC Common Shares,$27.86,0.21,0.759%,2385672779.00,United States,2015,1102850,Technology,Diversified Commercial Services
FUL,H. B. Fuller Company Common Stock,$69.01,0.66,0.966%,3605605496.00,United States,,277863,Basic Industries,Home Furnishings
FUN,Cedar Fair L.P. Common Stock,$48.46,-0.15,-0.309%,2753896365.00,United States,1987,306421,Consumer Services,Movies/Entertainment
GDDY,GoDaddy Inc. Class A Common Stock,$81.19,-1.05,-1.277%,13668815277.00,United States,2015,1843827,Technology,EDP Services
GDOT,Green Dot Corporation Class A Common Stock $0.001 par value,$44.51,-0.78,-1.722%,2420854301.00,United States,2010,960900,Technology,Advertising
GE,General Electric Company Common Stock,$13.21,0.00,0.00%,115965847610.00,United States,,62327759,Consumer Durables,Metal Fabrications
GIL,Gildan Activewear Inc. Class A Sub. Vot. Common Stock,$35.49,0.35,0.996%,7042029963.00,Canada,1998,1222336,Consumer Durables,Building Products
GIS,General Mills Inc. Common Stock,$63.64,1.81,2.927%,38818571559.00,United States,,7476910,Consumer Services,Food Chains
GKOS,Glaukos Corporation Common Stock,$82.63,-7.81,-8.636%,3814902411.00,United States,2015,930123,Health Care,Medical/Dental Instruments
GL,Globe Life Inc. Common Stock,$106.28,1.05,0.998%,12322380378.00,United States,,393483,Finance,Life Insurance
GME,GameStop Corporation Common Stock,$161.01,1.53,0.959%,11394963976.00,United States,2002,2938134,Consumer Services,Electronics Distribution
GMED,Globus Medical Inc. Class A Common Stock,$72.90,-0.47,-0.641%,7292268356.00,United States,2012,515518,Health Care,Medical/Dental Instruments
GNRC,Generac Holdlings Inc. Common Stock,$318.16,-1.17,-0.366%,20029610083.00,United States,2010,641013,Consumer Durables,Metal Fabrications
GNW,Genworth Financial Inc Common Stock,$4.28,-0.02,-0.465%,2168007019.00,United States,2004,7482954,Finance,Life Insurance
GOLF,Acushnet Holdings Corp. Common Stock,$51.55,8.64,20.135%,3817991519.00,United States,2016,1175317,Consumer Non-Durables,Recreational Products/Toys
GPI,Group 1 Automotive Inc. Common Stock,$174.90,4.56,2.677%,3174946757.00,United States,1997,138676,Consumer Services,Other Specialty Stores
GPK,Graphic Packaging Holding Company,$19.40,0.19,0.989%,5513514280.00,United States,,1835015,Basic Industries,Paper
GPS,Gap Inc. (The) Common Stock,$34.73,0.36,1.047%,13020670248.00,United States,,4004692,Consumer Services,Clothing/Shoe/Accessory Stores
GRA,W.R. Grace & Co. Common Stock,$68.48,0.18,0.264%,4536680160.00,United States,,1923857,Basic Industries,Major Chemicals
GS,Goldman Sachs Group Inc. (The) Common Stock,$365.97,8.35,2.335%,124508891241.00,United States,1999,3044878,Finance,Investment Bankers/Brokers/Service
GTLS,Chart Industries Inc. Common Stock,$155.92,2.64,1.722%,5667463421.00,United States,2006,205580,Technology,Electrical Products
GTN,Gray Television Inc. Common Stock,$22.14,0.18,0.82%,2111961677.00,United States,,645807,Consumer Services,Broadcasting
GWRE,Guidewire Software Inc. Common Stock,$98.13,-0.59,-0.598%,8217330738.00,United States,2012,499351,Technology,Computer Software: Prepackaged Software
GWW,W.W. Grainger Inc. Common Stock,$459.00,-1.56,-0.339%,23918556555.00,United States,,343184,Consumer Non-Durables,Telecommunications Equipment
H,Hyatt Hotels Corporation Class A Common Stock,$78.87,-1.14,-1.425%,8025988973.00,United States,2009,453961,Consumer Services,Hotels/Resorts
HAE,Haemonetics Corporation Common Stock,$61.44,-0.66,-1.063%,3122485125.00,United States,1991,916752,Health Care,Medical/Dental Instruments
HAL,Halliburton Company Common Stock,$22.17,0.17,0.773%,19725068146.00,United States,,10772774,Energy,Oil & Gas Production
HASI,Hannon Armstrong Sustainable Infrastructure Capital Inc. Common Stock,$47.31,-0.32,-0.672%,3722178544.00,United States,2013,970127,Consumer Services,Real Estate Investment Trusts
HBI,Hanesbrands Inc. Common Stock,$21.90,0.00,0.00%,7643299443.00,United States,,5024980,Consumer Non-Durables,Apparel
HCA,HCA Healthcare Inc. Common Stock,$209.33,1.49,0.717%,69216115815.00,United States,2011,1249670,Health Care,Hospital/Nursing Management
HD,Home Depot Inc. (The) Common Stock,$337.58,5.53,1.665%,362973986601.00,United States,,3538571,Consumer Services,RETAIL: Building Materials
HES,Hess Corporation Common Stock,$81.29,0.34,0.42%,25071573818.00,United States,,3225168,Energy,Oil & Gas Production
HFC,HollyFrontier Corporation Common Stock,$35.33,0.65,1.874%,5738104568.00,United States,,3166447,Energy,Integrated oil Companies
HHC,Howard Hughes Corporation (The) Common Stock,$108.85,1.72,1.606%,6013320503.00,United States,,231264,Consumer Services,Real Estate Investment Trusts
HIG,Hartford Financial Services Group Inc. (The) Common Stock,$66.89,0.19,0.285%,23892506926.00,United States,,2251957,Finance,Property-Casualty Insurers
HIW,Highwoods Properties Inc. Common Stock,$44.47,0.79,1.809%,4627358580.00,United States,1994,399390,Consumer Services,Real Estate Investment Trusts
HL,Hecla Mining Company Common Stock,$7.29,1.04,16.64%,3902584517.00,United States,,25186115,Basic Industries,Precious Metals
HLI,Houlihan Lokey Inc. Class A Common Stock,$66.97,0.55,0.828%,4617658516.00,United States,2015,289167,Finance,Investment Managers
HOG,Harley-Davidson Inc. Common Stock,$48.96,-0.33,-0.67%,7503162252.00,United States,,1717585,Consumer Non-Durables,Motor Vehicles
HOME,At Home Group Inc. Common Stock,$37.70,6.41,20.486%,2465582451.00,United States,2016,12684329,Consumer Services,Other Specialty Stores
HP,Helmerich & Payne Inc. Common Stock,$28.40,0.23,0.816%,3064189543.00,United States,,1065614,Energy,Oil & Gas Production
HPP,Hudson Pacific Properties Inc. Common Stock,$27.27,0.07,0.257%,4111229127.00,United States,2010,1039728,Consumer Services,Real Estate Investment Trusts
HPQ,HP Inc. Common Stock,$34.98,0.53,1.538%,43606012662.00,United States,,5583900,Technology,Computer Manufacturing
HR,Healthcare Realty Trust Incorporated Common Stock,$31.14,0.20,0.646%,4404077605.00,United States,1993,715940,Consumer Services,Real Estate Investment Trusts
HRC,Hill-Rom Holdings Inc Common Stock,$108.45,0.20,0.185%,7196963889.00,United States,,376101,Health Care,Medical/Dental Instruments
HRL,Hormel Foods Corporation Common Stock,$47.47,-0.07,-0.147%,25640837380.00,United States,,1953203,Consumer Non-Durables,Meat/Poultry/Fish
HSY,The Hershey Company Common Stock,$168.63,0.27,0.16%,34905811869.00,United States,,951129,Consumer Non-Durables,Specialty Foods
HTA,Healthcare Trust of America Inc. Class A Common Stock,$28.20,0.12,0.427%,6170773237.00,United States,,1530482,Consumer Services,Real Estate Investment Trusts
HTGC,Hercules Capital Inc. Common Stock,$17.54,0.01,0.057%,2030135553.00,United States,2012,657116,Finance,Finance Companies
HTH,Hilltop Holdings Inc.,$35.74,-0.20,-0.556%,2939991986.00,United States,,643989,Finance,Major Banks
HUBS,HubSpot Inc. Common Stock,$491.12,-11.89,-2.364%,23126349189.00,United States,2014,1494443,Technology,Computer Software: Prepackaged Software
HUM,Humana Inc. Common Stock,$465.62,5.53,1.202%,60071697500.00,United States,,729455,Health Care,Medical Specialities
HUN,Huntsman Corporation Common Stock,$31.22,-0.01,-0.032%,6921061834.00,United States,2005,1879668,Basic Industries,Major Chemicals
HUYA,HUYA Inc. American depositary shares each  representing one Class A ordinary share,$16.70,0.34,2.078%,3945255261.00,United States,2018,2740111,Consumer Services,Broadcasting
IBA,Industrias Bachoco S.A.B. de C.V. Common Stock,$45.00,-0.01,-0.022%,2250000000.00,Mexico,1997,20551,Consumer Non-Durables,Meat/Poultry/Fish
IBM,International Business Machines Corporation Common Stock,$148.42,3.20,2.204%,132616658132.00,United States,,7497394,Technology,EDP Services
IFF,Internationa Flavors & Fragrances Inc. Common Stock,$146.51,1.84,1.272%,36458574263.00,United States,,1183409,Basic Industries,Major Chemicals
IGT,International Game Technology Ordinary Shares,$17.47,-0.15,-0.851%,3579603000.00,United States,2015,1346687,Consumer Services,Movies/Entertainment
IIPR,Innovative Industrial Properties Inc. Common Stock,$180.30,7.23,4.178%,4313914955.00,United States,2016,231219,Consumer Services,Real Estate Investment Trusts
INGR,Ingredion Incorporated Common Stock,$93.94,2.10,2.287%,6315405459.00,United States,,370235,Consumer Non-Durables,Farming/Seeds/Milling
INSP,Inspire Medical Systems Inc. Common Stock,$191.60,-6.28,-3.174%,5347572478.00,United States,1998,446192,Health Care,Biotechnology: Electromedical & Electrotherapeutic Apparatus
INT,World Fuel Services Corporation Common Stock,$32.75,0.23,0.707%,2070020211.00,United States,,304452,Energy,Oil Refining/Marketing
INVH,Invitation Homes Inc. Common Stock,$34.92,0.64,1.867%,19822353155.00,United States,2017,3248441,Consumer Services,Real Estate Investment Trusts
IP,International Paper Company Common Stock,$61.74,1.02,1.68%,24253614563.00,United States,,1991922,Basic Industries,Containers/Packaging
IPG,Interpublic Group of Companies Inc. (The) Common Stock,$32.93,0.29,0.888%,12953860089.00,United States,,2518633,Technology,Advertising
IQV,IQVIA Holdings Inc. Common Stock,$231.22,-0.72,-0.31%,44315896652.00,United States,2013,1250361,Health Care,Managed Health Care
IRM,Iron Mountain Incorporated (Delaware)Common Stock REIT,$41.65,2.92,7.539%,12024903905.00,United States,,4546789,Consumer Services,Real Estate Investment Trusts
IT,Gartner Inc. Common Stock,$231.43,0.49,0.212%,20126199558.00,United States,1993,646448,Finance,Diversified Commercial Services
ITGR,Integer Holdings Corporation Common Stock,$94.24,0.23,0.245%,3107572010.00,United States,,119863,Health Care,Medical/Dental Instruments
IVZ,Invesco Ltd Common Stock,$28.25,0.55,1.986%,13031161554.00,United States,,3100792,Finance,Investment Managers
JBGS,JBG SMITH Properties Common Shares ,$32.31,0.76,2.409%,4247858931.00,United States,2017,512998,Consumer Services,Real Estate Investment Trusts
JBL,Jabil Inc. Common Stock,$52.82,0.45,0.859%,7859508406.00,United States,1993,1066954,Technology,Electrical Products
JEF,Jefferies Financial Group Inc. Common Stock,$33.62,0.87,2.656%,8303211853.00,United States,,1902385,Finance,Finance/Investors Services
JLL,Jones Lang LaSalle Incorporated Common Stock,$193.20,5.23,2.782%,9912357840.00,United States,,331204,Finance,Real Estate
JNJ,Johnson & Johnson Common Stock,$167.74,0.67,0.401%,441725845543.00,United States,,5528948,Health Care,Major Pharmaceuticals
JNPR,Juniper Networks Inc. Common Stock,$27.01,0.70,2.661%,8852260641.00,United States,1999,6161675,Technology,Computer peripheral equipment
JOE,St. Joe Company (The) Common Stock,$46.17,1.07,2.373%,2718607287.00,United States,,163966,Consumer Services,Homebuilding
JPM,JP Morgan Chase & Co. Common Stock,$160.69,3.17,2.012%,486424699000.00,United States,,13534123,Finance,Major Banks
JWN,Nordstrom Inc. Common Stock,$38.42,-0.23,-0.595%,6061538000.00,United States,,2114028,Consumer Services,Clothing/Shoe/Accessory Stores
K,Kellogg Company Common Stock,$67.53,4.46,7.072%,22984200162.00,United States,,12591050,Consumer Non-Durables,Packaged Foods
KAI,Kadant Inc Common Stock,$180.89,3.12,1.755%,2094304624.00,United States,,33579,Technology,Industrial Machinery/Components
KEY,KeyCorp Common Stock,$22.89,0.17,0.748%,22262516430.00,United States,,5291320,Finance,Major Banks
KFY,Korn Ferry Common Stock,$68.16,-0.13,-0.19%,3681101375.00,United States,1999,208355,Technology,Diversified Commercial Services
KIM,Kimco Realty Corporation Common Stock,$20.94,0.37,1.799%,9076635690.00,United States,,4715076,Consumer Services,Real Estate Investment Trusts
KKR,KKR & Co. Inc. Common Stock,$57.68,-0.43,-0.74%,33258932516.00,United States,,4897939,Finance,Investment Managers
KMB,Kimberly-Clark Corporation Common Stock,$136.13,0.56,0.413%,45934562074.00,United States,,2488074,Basic Industries,Paper
KMPR,Kemper Corporation,$79.46,1.58,2.029%,5130454567.00,United States,,215894,Finance,Property-Casualty Insurers
KMX,CarMax Inc,$130.29,-7.61,-5.518%,21260744610.00,United States,,2555126,Consumer Services,Other Specialty Stores
KO,Coca-Cola Company (The) Common Stock,$54.54,0.54,1.00%,235159063578.00,United States,,11571264,Consumer Non-Durables,Beverages (Production/Distribution)
KOF,Coca Cola Femsa S.A.B. de C.V.  American Depositary Shares each representing 10 Units (each Unit consists of 3 Series B Shares and 5 Series L Shares),$47.72,1.10,2.36%,10025171545.00,Mexico,1993,288682,Consumer Non-Durables,Beverages (Production/Distribution)
KR,Kroger Company (The) Common Stock,$37.69,1.22,3.345%,28342642591.00,United States,,10428289,Consumer Services,Food Chains
KRC,Kilroy Realty Corporation Common Stock,$66.94,0.10,0.15%,7795187768.00,United States,1997,1019666,Consumer Services,Real Estate Investment Trusts
KRO,Kronos Worldwide Inc Common Stock,$17.54,-0.73,-3.996%,2026619256.00,United States,,284372,Basic Industries,Major Chemicals
KSS,Kohl's Corporation Common Stock,$60.29,-0.22,-0.364%,9501260085.00,United States,1992,1410317,Consumer Services,Department/Specialty Retail Stores
KW,Kennedy-Wilson Holdings Inc. Common Stock,$20.12,-0.43,-2.092%,2833420911.00,United States,,507930,Consumer Services,Real Estate
KWR,Quaker Chemical Corporation Common Stock,$236.68,-7.58,-3.103%,4237262869.00,United States,,69639,Basic Industries,Automotive Aftermarket
L,Loews Corporation Common Stock,$58.18,0.90,1.571%,15351377593.00,United States,,1210349,Finance,Property-Casualty Insurers
LAD,Lithia Motors Inc. Common Stock,$380.32,-0.88,-0.231%,10135852793.00,United States,,222050,Consumer Services,Other Specialty Stores
LB,L Brands Inc.,$65.94,0.25,0.381%,18390524427.00,United States,,2783875,Consumer Services,Clothing/Shoe/Accessory Stores
LBRT,Liberty Oilfield Services Inc. Class A Common Stock,$13.10,-0.10,-0.758%,2351986511.00,United States,2018,1659483,Energy,Oilfield Services/Equipment
LDOS,Leidos Holdings Inc. Common Stock,$103.90,0.19,0.183%,14685877037.00,United States,,717468,Technology,EDP Services
LEG,Leggett & Platt Incorporated Common Stock,$56.95,0.98,1.751%,7583197809.00,United States,,1136176,Consumer Durables,Home Furnishings
LEN,Lennar Corporation Class A Common Stock,$105.70,0.14,0.133%,33124436494.00,United States,,1356073,Consumer Services,Building operators
LEVI,Levi Strauss & Co Class A Common Stock,$30.34,-0.04,-0.132%,12147056806.00,United States,2019,1523325,Basic Industries,Industrial Specialties
LH,Laboratory Corporation of America Holdings Common Stock,$278.08,1.87,0.677%,27196224000.00,United States,,624649,Health Care,Medical Specialities
LLY,Eli Lilly and Company Common Stock,$193.89,1.08,0.56%,186033964980.00,United States,,3101560,Health Care,Major Pharmaceuticals
LMND,Lemonade Inc. Common Stock,$76.13,-4.95,-6.105%,4672848818.00,United States,2020,3159910,Finance,Property-Casualty Insurers
LNC,Lincoln National Corporation Common Stock,$68.60,2.27,3.422%,13112832307.00,United States,,1429108,Finance,Life Insurance
LOW,Lowe's Companies Inc. Common Stock,$205.94,5.94,2.97%,147695714548.00,United States,,4524472,Consumer Services,RETAIL: Building Materials
LSI,Life Storage Inc. Common Stock,$94.63,1.00,1.068%,7231983815.00,United States,,447386,Consumer Services,Real Estate Investment Trusts
LTHM,Livent Corporation Common Stock,$17.24,-1.43,-7.659%,2527491560.00,United States,2018,4033747,Basic Industries,Industrial Specialties
LVS,Las Vegas Sands Corp. Common Stock,$57.27,-2.19,-3.683%,43752255391.00,United States,2004,7507167,Consumer Services,Hotels/Resorts
LYV,Live Nation Entertainment Inc. Common Stock,$75.12,-3.65,-4.634%,16427487843.00,United States,,4018272,Consumer Services,Movies/Entertainment
LZB,La-Z-Boy Incorporated Common Stock,$44.12,0.02,0.045%,2042610095.00,United States,,224602,Consumer Durables,Home Furnishings
M,Macy's Inc Common Stock,$17.33,-0.08,-0.46%,5402044865.00,United States,,7323671,Consumer Services,Department/Specialty Retail Stores
MAA,Mid-America Apartment Communities Inc. Common Stock,$156.04,3.30,2.161%,17864517775.00,United States,1994,606216,Consumer Services,Real Estate Investment Trusts
MAC,Macerich Company (The) Common Stock,$13.47,-0.03,-0.222%,2502329645.00,United States,1994,2969681,Consumer Services,Real Estate Investment Trusts
MAIN,Main Street Capital Corporation Common Stock,$41.58,-0.50,-1.188%,2826122954.00,United States,2007,466158,Finance,Finance/Investors Services
MAN,ManpowerGroup Common Stock,$123.21,0.99,0.81%,6769919207.00,United States,,312262,Technology,Professional Services
MCD,McDonald's Corporation Common Stock,$234.86,-0.18,-0.077%,175228439357.00,United States,,1832564,Consumer Services,Restaurants
MCK,McKesson Corporation Common Stock,$185.09,-3.99,-2.11%,29460300359.00,United States,,1808588,Health Care,Other Pharmaceuticals
MCO,Moody's Corporation Common Stock,$329.60,0.93,0.283%,61701120000.00,United States,,636707,Technology,Advertising
MCY,Mercury General Corporation Common Stock,$67.87,1.89,2.865%,3758015382.00,United States,,310918,Finance,Property-Casualty Insurers
MD,Mednax Inc. Common Stock,$26.76,-0.14,-0.52%,2306570306.00,United States,,929305,Health Care,Medical Specialities
MDLA,Medallia Inc. Common Stock,$26.18,-1.07,-3.927%,4113116421.00,United States,2019,1345944,Technology,EDP Services
MDT,Medtronic plc. Ordinary Shares,$127.30,0.30,0.236%,171609673423.00,United States,,4449461,Health Care,Biotechnology: Electromedical & Electrotherapeutic Apparatus
MET,MetLife Inc. Common Stock,$66.95,1.54,2.354%,58749678726.00,United States,2000,4609210,Finance,Life Insurance
MFC,Manulife Financial Corporation Common Stock,$21.59,-0.57,-2.572%,41927194458.00,Canada,,6132113,Technology,Advertising
MGM,MGM Resorts International Common Stock,$38.91,-2.84,-6.802%,19086744320.00,United States,,12200869,Consumer Services,Hotels/Resorts
MGP,MGM Growth Properties LLC Class A common shares representing limited liability company interests,$34.64,-0.28,-0.802%,10455021245.00,United States,2016,596376,Consumer Services,Real Estate Investment Trusts
MGY,Magnolia Oil & Gas Corporation Class A Common Stock,$12.00,-0.06,-0.498%,2923673748.00,United States,2017,1140036,Energy,Oil & Gas Production
MHK,Mohawk Industries Inc. Common Stock,$224.88,0.58,0.259%,15675936389.00,United States,,288861,Consumer Durables,Home Furnishings
MKC,McCormick & Company Incorporated Common Stock,$90.23,-0.23,-0.254%,24094582667.00,United States,,1206297,Consumer Non-Durables,Farming/Seeds/Milling
MKL,Markel Corporation Common Stock,$1198.42,13.40,1.131%,16488048115.00,United States,1986,43495,Finance,Property-Casualty Insurers
MLI,Mueller Industries Inc. Common Stock,$47.26,1.20,2.605%,2699845934.00,United States,,215100,Basic Industries,Metal Fabrications
MMC,Marsh & McLennan Companies Inc. Common Stock,$137.77,0.11,0.08%,70060443445.00,United States,,1023354,Finance,Specialty Insurers
MMM,3M Company Common Stock,$202.41,0.97,0.482%,117332017155.00,United States,,1840568,Health Care,Medical/Dental Instruments
MMP,Magellan Midstream Partners L.P. Limited Partnership,$47.77,-0.29,-0.603%,10666220216.00,United States,,1252617,Energy,Oil & Gas Production
MO,Altria Group Inc.,$49.49,1.14,2.358%,91588073333.00,United States,,8073462,Consumer Non-Durables,Farming/Seeds/Milling
MOH,Molina Healthcare Inc Common Stock,$263.62,0.64,0.243%,15395408000.00,United States,2003,260404,Health Care,Medical Specialities
MOS,Mosaic Company (The) Common Stock,$35.46,0.55,1.575%,13463571910.00,United States,,6841312,Basic Industries,Agricultural Chemicals
MPC,Marathon Petroleum Corporation Common Stock,$59.46,0.09,0.152%,38766066810.00,United States,,7405380,Energy,Integrated oil Companies
MPLX,MPLX LP Common Units Representing Limited Partner Interests,$28.29,-0.35,-1.222%,29341528182.00,United States,2012,1896625,Energy,Oil & Gas Production
MPW,Medical Properties Trust Inc. common stock,$21.20,0.11,0.522%,12361910800.00,United States,2005,3173637,Consumer Services,Real Estate Investment Trusts
MRK,Merck & Company Inc. Common Stock (new),$77.78,0.08,0.103%,196884533212.00,United States,,12279766,Health Care,Major Pharmaceuticals
MRO,Marathon Oil Corporation Common Stock,$11.50,-0.20,-1.709%,9064885442.00,United States,,19901381,Energy,Oil & Gas Production
MS,Morgan Stanley Common Stock,$86.83,2.32,2.745%,161554935489.00,United States,,11885798,Finance,Investment Bankers/Brokers/Service
MSCI,MSCI Inc Common Stock,$475.91,-2.27,-0.475%,39225761934.00,United States,,253903,Technology,Advertising
MSGS,Madison Square Garden Sports Corp. Class A Common Stock (New),$180.81,-0.61,-0.336%,4360527870.00,United States,2015,159089,Consumer Services,Hotels/Resorts
MSI,Motorola Solutions Inc. Common Stock,$188.03,2.27,1.222%,31843877811.00,United States,,822406,Technology,Radio And Television Broadcasting And Communications Equipment
MSP,Datto Holding Corp. Common Stock,$24.03,-1.07,-4.263%,3870695713.00,United States,2020,374009,Technology,Computer Software: Prepackaged Software
MTB,M&T Bank Corporation Common Stock,$162.54,1.80,1.12%,20910026729.00,United States,,647059,Finance,Major Banks
MTDR,Matador Resources Company Common Stock,$28.08,-0.63,-2.194%,3279222976.00,United States,2012,1488053,Energy,Oil & Gas Production
MTG,MGIC Investment Corporation Common Stock,$14.16,-0.81,-5.411%,4803760105.00,United States,1991,3873953,Finance,Property-Casualty Insurers
MTN,Vail Resorts Inc. Common Stock,$314.76,0.77,0.245%,12671069526.00,United States,1997,283687,Consumer Services,Movies/Entertainment
MTX,Minerals Technologies Inc. Common Stock,$82.49,1.93,2.396%,2788398499.00,United States,1992,138606,Basic Industries,Major Chemicals
MTZ,MasTec Inc. Common Stock,$109.35,1.59,1.476%,8110437887.00,United States,,1278285,Basic Industries,Water Supply
MUR,Murphy Oil Corporation Common Stock,$18.39,-0.08,-0.433%,2837880619.00,United States,,2585005,Energy,Oil & Gas Production
MXL,MaxLinear Inc. Common Stock,$34.54,-0.61,-1.735%,2603556534.00,United States,2010,636074,Technology,Semiconductors
NEM,Newmont Corporation,$66.89,2.05,3.162%,53589722300.00,United States,,8614346,Basic Industries,Precious Metals
NET,Cloudflare Inc. Class A Common Stock,$69.07,-9.95,-12.592%,21451837889.00,United States,2019,10095717,Technology,EDP Services
NEU,NewMarket Corp Common Stock,$349.39,1.30,0.373%,3818187726.00,United States,,50571,Basic Industries,Major Chemicals
NEWR,New Relic Inc. Common Stock,$59.79,-0.10,-0.167%,3770724570.00,United States,2014,544162,Technology,Computer Software: Prepackaged Software
NFG,National Fuel Gas Company Common Stock,$51.24,0.72,1.425%,4671214973.00,United States,,443568,Energy,Oil & Gas Production
NHI,National Health Investors Inc. Common Stock,$71.02,0.90,1.284%,3228498251.00,United States,,219849,Consumer Services,Real Estate Investment Trusts
NKE,Nike Inc. Common Stock,$133.49,1.28,0.968%,210909804708.00,United States,,5200410,Consumer Non-Durables,Shoe Manufacturing
NLY,Annaly Capital Management Inc Common Stock,$9.15,0.04,0.439%,12796301590.00,United States,,11634318,Consumer Services,Real Estate Investment Trusts
NNI,Nelnet Inc. Common Stock,$75.86,1.17,1.566%,2922345222.00,United States,2003,61622,Finance,Finance: Consumer Services
NNN,National Retail Properties Common Stock,$47.60,0.59,1.255%,8357592911.00,United States,,1201488,Consumer Services,Real Estate Investment Trusts
NOV,NOV Inc. Common Stock,$16.64,0.24,1.463%,6500303314.00,United States,,3966669,Energy,Metal Fabrications
NOW,ServiceNow Inc. Common Stock,$485.84,5.87,1.223%,95928130004.00,United States,2012,2187913,Technology,Computer Software: Prepackaged Software
NRZ,New Residential Investment Corp. Common Stock,$10.40,-0.14,-1.328%,4851831535.00,United States,,8750880,Consumer Services,Real Estate Investment Trusts
NSP,Insperity Inc. Common Stock,$87.12,0.20,0.23%,3369365216.00,United States,,163698,Technology,Professional Services
NUE,Nucor Corporation Common Stock,$95.69,2.86,3.081%,28634466980.00,United States,,4546835,Basic Industries,Steel/Iron Ore
NUS,Nu Skin Enterprises Inc. Common Stock,$58.20,4.80,8.989%,2917803049.00,United States,1996,1013874,Health Care,Other Pharmaceuticals
NUVB,Nuvation Bio Inc. Class A Common Stock,$11.02,-0.20,-1.783%,2398503606.00,United States,2020,410092,Health Care,Major Pharmaceuticals
NVRO,Nevro Corp. Common Stock,$156.58,-4.81,-2.98%,5432114697.00,United States,2014,844368,Health Care,Biotechnology: Electromedical & Electrotherapeutic Apparatus
NVTA,Invitae Corporation Common Stock,$29.46,-1.77,-5.668%,5830562967.00,United States,2015,7124262,Health Care,Medical Specialities
NYCB,New York Community Bancorp Inc. Common Stock,$11.77,-0.23,-1.917%,5473919297.00,United States,,7867842,Finance,Banks
NYT,New York Times Company (The) Common Stock,$44.30,1.13,2.618%,7395468004.00,United States,,3630306,Consumer Services,Newspapers/Magazines
O,Realty Income Corporation Common Stock,$67.55,0.41,0.611%,25230921160.00,United States,,4364216,Consumer Services,Real Estate Investment Trusts
OFC,Corporate Office Properties Trust Common Stock,$27.81,0.54,1.98%,3123744734.00,United States,,800037,Consumer Services,Real Estate Investment Trusts
OHI,Omega Healthcare Investors Inc. Common Stock,$36.32,0.53,1.481%,8501678529.00,United States,1992,1993028,Consumer Services,Real Estate Investment Trusts
OI,O-I Glass Inc. Common Stock,$18.13,0.58,3.305%,2862332527.00,United States,,923666,Consumer Durables,Containers/Packaging
OLN,Olin Corporation Common Stock,$46.43,-0.25,-0.536%,7391889868.00,United States,,1653027,Basic Industries,Industrial Specialties
OMC,Omnicom Group Inc. Common Stock,$84.30,1.13,1.359%,18131308995.00,United States,,1521229,Technology,Advertising
OMI,Owens & Minor Inc. Common Stock,$33.64,1.41,4.375%,2472677890.00,United States,,1537325,Health Care,Medical Specialities
ONTO,Onto Innovation Inc. Common Stock,$64.06,0.24,0.376%,3141480171.00,United States,,364401,Technology,Semiconductors
ORCL,Oracle Corporation Common Stock,$79.74,0.55,0.695%,229933080900.00,United States,1986,14089112,Technology,Computer Software: Prepackaged Software
ORI,Old Republic International Corporation Common Stock,$25.93,0.38,1.487%,7895725373.00,United States,,1842643,Finance,Specialty Insurers
OSH,Oak Street Health Inc. Common Stock,$56.55,-2.08,-3.548%,13614310653.00,United States,2020,988940,Health Care,Assisted Living Services
OVV,Ovintiv Inc. (DE),$26.01,0.00,0.00%,6789749056.00,Canada,,1872190,Energy,Oil & Gas Production
OXY,Occidental Petroleum Corporation Common Stock,$26.65,-0.40,-1.479%,24876724883.00,United States,,14451371,Energy,Oil & Gas Production
PAG,Penske Automotive Group Inc. Common Stock,$92.37,1.83,2.021%,7466000982.00,United States,,231399,Consumer Services,Other Specialty Stores
PANW,Palo Alto Networks Inc. Common Stock,$337.44,-3.74,-1.096%,32813543956.00,United States,2012,751407,Technology,EDP Services
PB,Prosperity Bancshares Inc. Common Stock,$75.32,-0.15,-0.199%,6999396387.00,United States,,252580,Finance,Major Banks
PBA,Pembina Pipeline Corp. Ordinary Shares (Canada),$32.23,0.40,1.257%,17725142859.00,Canada,,835978,Energy,Oil & Gas Production
PBH,Prestige Consumer Healthcare Inc. Common Stock,$47.10,2.76,6.225%,2348629819.00,United States,2005,322225,Health Care,Major Pharmaceuticals
PDM,Piedmont Office Realty Trust Inc. Class A Common Stock,$18.55,0.42,2.317%,2300737969.00,United States,,481803,Consumer Services,Building operators
PEAK,Healthpeak Properties Inc. Common Stock,$33.55,0.46,1.39%,18079188647.00,United States,,2863530,Consumer Services,Real Estate Investment Trusts
PEB,Pebblebrook Hotel Trust Common Shares of Beneficial Interest,$23.25,-0.30,-1.274%,3054707249.00,United States,2009,820080,Consumer Services,Real Estate Investment Trusts
PFE,Pfizer Inc. Common Stock,$39.19,-0.78,-1.951%,218608249276.00,United States,,54906375,Health Care,Major Pharmaceuticals
PFGC,Performance Food Group Company Common Stock,$53.90,-0.39,-0.718%,7209069699.00,United States,2015,1730340,Consumer Non-Durables,Food Distributors
PFSI,PennyMac Financial Services Inc. Common Stock,$57.61,-2.43,-4.047%,3859323339.00,United States,2013,1095906,Finance,Finance: Consumer Services
PG,Procter & Gamble Company (The) Common Stock,$135.14,1.68,1.259%,330854178700.00,United States,,9770875,Consumer Non-Durables,Package Goods/Cosmetics
PGR,Progressive Corporation (The) Common Stock,$104.20,0.40,0.385%,60972971984.00,United States,,2167354,Finance,Property-Casualty Insurers
PGRE,Paramount Group Inc. Common Stock,$10.63,0.32,3.104%,2327444835.00,United States,2014,1182858,Consumer Services,Real Estate Investment Trusts
PHR,Phreesia Inc. Common Stock,$48.03,-1.23,-2.497%,2405105564.00,United States,2019,392605,Health Care,Managed Health Care
PII,Polaris Inc. Common Stock,$143.57,2.57,1.823%,8792524851.00,United States,,437215,Consumer Non-Durables,Recreational Products/Toys
PIPR,Piper Sandler Companies Common Stock,$119.44,0.53,0.446%,2182647516.00,United States,,63767,Finance,Investment Bankers/Brokers/Service
PJT,PJT Partners Inc. Class A Common Stock,$72.19,0.51,0.711%,2975699521.00,United States,2015,115694,Finance,Investment Managers
PK,Park Hotels & Resorts Inc. Common Stock ,$21.49,-0.60,-2.716%,5079278578.00,United States,2016,3883175,Consumer Services,Real Estate Investment Trusts
PKG,Packaging Corporation of America Common Stock,$153.24,1.07,0.703%,14557107815.00,United States,2000,338359,Basic Industries,Paper
PKI,PerkinElmer Inc. Common Stock,$137.50,0.93,0.681%,15408496675.00,United States,,1305565,Health Care,Medical Specialities
PLAN,Anaplan Inc. Common Stock,$54.37,-0.82,-1.486%,7861006526.00,United States,2018,2922267,Technology,Computer Software: Prepackaged Software
PLD,Prologis Inc. Common Stock,$114.72,1.71,1.513%,84866758560.00,United States,,1866762,Consumer Services,Real Estate Investment Trusts
PLNT,Planet Fitness Inc. Common Stock,$80.58,-0.81,-0.995%,6975434050.00,United States,2015,1547881,Consumer Services,Other Consumer Services
PM,Philip Morris International Inc Common Stock,$96.82,1.38,1.446%,150897552050.00,United States,,6201055,Consumer Non-Durables,Farming/Seeds/Milling
PNC,PNC Financial Services Group Inc. (The) Common Stock,$198.18,3.57,1.834%,84226500000.00,United States,,1642728,Finance,Major Banks
POST,Post Holdings Inc. Common Stock,$116.19,1.87,1.636%,7478861916.00,United States,2012,366026,Consumer Non-Durables,Specialty Foods
PPG,PPG Industries Inc. Common Stock,$180.09,1.05,0.586%,42697750426.00,United States,,962551,Basic Industries,Paints/Coatings
PRG,PROG Holdings Inc. Common Stock,$54.75,0.86,1.596%,3687395856.00,United States,,648072,Technology,Diversified Commercial Services
PRGO,Perrigo Company plc Ordinary Shares,$42.65,0.63,1.499%,5696638990.00,United States,,923689,Health Care,Major Pharmaceuticals
PRI,Primerica Inc. Common Stock,$162.05,-3.18,-1.925%,6387052474.00,United States,2010,176190,Finance,Life Insurance
PRU,Prudential Financial Inc. Common Stock,$105.61,1.42,1.363%,41759889569.00,United States,2001,2302644,Finance,Life Insurance
PSA,Public Storage Common Stock,$275.21,0.59,0.215%,48155733909.00,United States,,653540,Consumer Services,Real Estate Investment Trusts
PSB,PS Business Parks Inc. Common Stock,$157.00,0.02,0.013%,4322054099.00,United States,,79574,Consumer Services,Real Estate Investment Trusts
PSX,Phillips 66 Common Stock,$85.61,0.62,0.729%,37485798493.00,United States,,1661088,Energy,Integrated oil Companies
PSXP,Phillips 66 Partners LP Common Units representing limited partner interest in the Partnership,$34.77,0.87,2.566%,7939386876.00,United States,2013,340497,Energy,Oil & Gas Production
PXD,Pioneer Natural Resources Company Common Stock,$164.94,0.60,0.365%,35751980401.00,United States,,1966924,Energy,Oil & Gas Production
QTS,QTS Realty Trust Inc. Class A Common Stock,$63.10,-0.55,-0.864%,4351557286.00,United States,2013,701006,Consumer Services,Real Estate Investment Trusts
RAMP,LiveRamp Holdings Inc. Common Stock,$48.08,0.25,0.523%,3217485281.00,United States,2018,779509,Technology,EDP Services
RBC,Regal Beloit Corporation Common Stock,$150.82,1.66,1.113%,6126832801.00,United States,,238845,Consumer Durables,Metal Fabrications
RDN,Radian Group Inc. Common Stock,$23.09,-0.44,-1.87%,4417108249.00,United States,,2107083,Finance,Property-Casualty Insurers
REXR,Rexford Industrial Realty Inc. Common Stock,$54.58,0.85,1.582%,7316596366.00,United States,2013,593521,Consumer Services,Real Estate Investment Trusts
RF,Regions Financial Corporation Common Stock,$22.68,0.19,0.845%,21788087046.00,United States,,5657257,Finance,Major Banks
RGA,Reinsurance Group of America Incorporated Common Stock,$134.43,2.39,1.81%,9139256216.00,United States,,485684,Finance,Life Insurance
RH,RH Common Stock,$684.97,3.81,0.559%,14382189740.00,United States,2012,274351,Consumer Services,Other Specialty Stores
RHI,Robert Half International Inc. Common Stock,$89.70,0.56,0.628%,10116419102.00,United States,,494536,Technology,Diversified Commercial Services
RHP,Ryman Hospitality Properties Inc. (REIT),$75.65,0.25,0.332%,4164521606.00,United States,,342603,Consumer Services,Real Estate Investment Trusts
RJF,Raymond James Financial Inc. Common Stock,$136.45,1.49,1.104%,18790686690.00,United States,,428092,Finance,Investment Bankers/Brokers/Service
RKT,Rocket Companies Inc. Class A Common Stock,$19.01,-3.79,-16.623%,37724477155.00,United States,2020,36934597,Finance,Finance: Consumer Services
RL,Ralph Lauren Corporation Common Stock,$134.00,-0.95,-0.704%,9797861044.00,United States,1997,870829,Consumer Non-Durables,Apparel
RLGY,Realogy Holdings Corp. Common Stock,$17.87,0.43,2.466%,2080265017.00,United States,2012,1717633,Finance,Real Estate
RLI,RLI Corp. Common Stock (DE),$113.02,1.37,1.227%,5108892563.00,United States,,88437,Finance,Property-Casualty Insurers
RLJ,RLJ Lodging Trust Common Shares of Beneficial Interest $0.01 par value,$15.40,-0.44,-2.778%,2539739140.00,United States,2011,1946665,Consumer Services,Real Estate Investment Trusts
RMD,ResMed Inc. Common Stock,$193.10,0.50,0.26%,28099493359.00,United States,,725382,Health Care,Medical/Dental Instruments
ROL,Rollins Inc. Common Stock,$36.97,-0.13,-0.35%,18194021071.00,United States,,876643,Technology,Industrial Specialties
RPAI,Retail Properties of America Inc. Class A Common Stock,$12.00,0.41,3.538%,2576790696.00,United States,2012,1062990,Consumer Services,Real Estate Investment Trusts
RPM,RPM International Inc. Common Stock,$97.66,0.34,0.349%,12648076878.00,United States,,424005,Basic Industries,Paints/Coatings
RRC,Range Resources Corporation Common Stock,$11.17,-0.13,-1.15%,2787926444.00,United States,,3837412,Energy,Oil & Gas Production
RS,Reliance Steel & Aluminum Co. Common Stock (DE),$174.99,3.69,2.154%,11148235272.00,United States,1994,351371,Basic Industries,Steel/Iron Ore
RXN,Rexnord Corporation Common Stock,$52.34,1.58,3.113%,6266200280.00,United States,2012,516038,Technology,Industrial Machinery/Components
RYN,Rayonier Inc. REIT Common Stock,$37.05,0.31,0.844%,5142384538.00,United States,,1042388,Consumer Services,Real Estate Investment Trusts
SAFE,Safehold Inc. Common Stock,$70.70,0.84,1.202%,3765681374.00,United States,2017,81975,Consumer Services,Real Estate Investment Trusts
SAH,Sonic Automotive Inc. Common Stock,$52.37,0.47,0.906%,2178318524.00,United States,1997,180305,Consumer Services,Other Specialty Stores
SAIL,SailPoint Technologies Holdings Inc. Common Stock,$45.87,-1.89,-3.957%,4218237768.00,United States,2017,1531048,Technology,Computer Software: Prepackaged Software
SAM,Boston Beer Company Inc. (The) Common Stock,$1109.74,10.54,0.959%,13635125689.00,United States,,136144,Consumer Non-Durables,Beverages (Production/Distribution)
SCCO,Southern Copper Corporation Common Stock,$72.82,0.28,0.386%,56295195449.00,United States,,1233265,Basic Industries,Precious Metals
SCHW,Charles Schwab Corporation (The) Common Stock,$71.52,0.54,0.761%,134829100198.00,United States,,4802807,Finance,Investment Bankers/Brokers/Service
SCL,Stepan Company Common Stock,$137.95,2.38,1.756%,3102746017.00,United States,,64773,Consumer Non-Durables,Package Goods/Cosmetics
SE,Sea Limited American Depositary Shares each representing one Class A Ordinary Share,$238.25,-6.65,-2.715%,123791975135.00,United States,2017,4641572,Technology,Computer Software: Prepackaged Software
SEAS,SeaWorld Entertainment Inc. Common Stock,$53.09,-0.12,-0.226%,4197300656.00,United States,2013,1308941,Consumer Services,Movies/Entertainment
SEE,Sealed Air Corporation Common Stock,$56.80,-0.12,-0.211%,8703099628.00,United States,,1899482,Basic Industries,Containers/Packaging
SEM,Select Medical Holdings Corporation Common Stock,$38.82,0.73,1.917%,5234438567.00,United States,2009,591601,Health Care,Hospital/Nursing Management
SF,Stifel Financial Corporation Common Stock,$71.58,0.24,0.336%,7530795011.00,United States,,657708,Finance,Investment Bankers/Brokers/Service
SHAK,Shake Shack Inc. Class A Common Stock,$105.62,-0.70,-0.658%,4438701835.00,United States,2015,1634051,Consumer Services,Restaurants
SHLX,Shell Midstream Partners L.P. Common Units representing Limited Partner Interests,$14.90,-0.04,-0.268%,5860014101.00,United States,2014,839947,Energy,Oilfield Services/Equipment
SHO,Sunstone Hotel Investors Inc. Sunstone Hotel Investors Inc. Common Shares,$12.40,-0.27,-2.131%,2680051345.00,United States,2004,1741252,Consumer Services,Real Estate Investment Trusts
SHW,Sherwin-Williams Company (The) Common Stock,$285.39,2.11,0.745%,75899356629.00,United States,,1065440,Basic Industries,Paints/Coatings
SITC,SITE Centers Corp. Common Stock,$14.69,0.29,2.014%,3100047623.00,United States,,1394059,Consumer Services,Real Estate Investment Trusts
SIX,Six Flags Entertainment Corporation New Common Stock,$44.07,0.71,1.637%,3763215172.00,United States,,1366228,Consumer Services,Movies/Entertainment
SJM,J.M. Smucker Company (The) New Common Stock,$137.41,2.57,1.906%,14882944981.00,United States,,2020890,Consumer Non-Durables,Packaged Foods
SKX,Skechers U.S.A. Inc. Common Stock,$49.18,0.26,0.531%,7784931231.00,United States,1999,1287317,Consumer Non-Durables,Shoe Manufacturing
SKY,Skyline Champion Corporation Common Stock,$43.65,0.24,0.553%,2472285191.00,United States,,316736,Basic Industries,Homebuilding
SLF,Sun Life Financial Inc. Common Stock,$54.34,-0.37,-0.676%,31807548673.00,Canada,,533084,Technology,Advertising
SLG,SL Green Realty Corp Common Stock,$72.67,1.26,1.764%,5117013213.00,United States,1997,462949,Consumer Services,Real Estate Investment Trusts
SM,SM Energy Company Common Stock,$16.98,-0.33,-1.906%,2000206270.00,United States,,2692841,Energy,Oil & Gas Production
SMAR,Smartsheet Inc. Class A Common Stock,$54.99,-0.98,-1.751%,6534650096.00,United States,2018,1513577,Technology,EDP Services
SMG,Scotts Miracle-Gro Company (The) Common Stock,$240.44,-1.91,-0.788%,13393251921.00,United States,1992,385137,Basic Industries,Agricultural Chemicals
SNAP,Snap Inc. Class A Common Stock,$52.59,-1.48,-2.737%,80120381540.00,United States,2017,25179724,Technology,Internet and Information Services
SNOW,Snowflake Inc. Class A Common Stock,$199.84,-13.95,-6.525%,57693808000.00,United States,2020,8316595,Technology,Computer Software: Prepackaged Software
SNV,Synovus Financial Corp. Common Stock,$49.14,0.73,1.508%,7316381529.00,United States,,627250,Finance,Major Banks
SNX,Synnex Corporation Common Stock,$120.88,-2.91,-2.351%,6267893090.00,United States,2003,351544,Technology,EDP Services
SOGO,Sogou Inc. American Depositary Shares each representing one Class A Ordinary Share,$8.46,0.00,0.00%,3279019149.00,United States,2017,178027,Technology,EDP Services
SON,Sonoco Products Company Common Stock,$69.28,1.35,1.987%,6969337852.00,United States,,455742,Basic Industries,Containers/Packaging
SPG,Simon Property Group Inc. Common Stock,$122.92,2.00,1.654%,40341010687.00,United States,,2043502,Consumer Services,Real Estate Investment Trusts
SPGI,S&P Global Inc. Common Stock,$389.57,-2.49,-0.635%,93847413000.00,United States,,1612857,Technology,Advertising
SQ,Square Inc. Class A Common Stock,$223.96,-7.91,-3.411%,101983242382.00,United States,2015,14690700,Technology,Computer Software: Prepackaged Software
SRC,Spirit Realty Capital Inc. Common Stock,$46.41,0.27,0.585%,5334969890.00,United States,2013,605508,Consumer Services,Real Estate Investment Trusts
STAG,Stag Industrial Inc. Common Stock,$35.80,0.86,2.461%,5695151638.00,United States,2011,767389,Consumer Services,Real Estate Investment Trusts
STE,STERIS plc (Ireland) Ordinary Shares,$210.31,0.88,0.42%,17950455042.00,United States,,517263,Health Care,Industrial Specialties
STL,Sterling Bancorp,$26.39,-0.02,-0.076%,5097500660.00,United States,,1454660,Finance,Major Banks
STOR,STORE Capital Corporation Common Stock,$34.15,-0.47,-1.358%,9220775625.00,United States,2014,2433557,Consumer Services,Real Estate Investment Trusts
STT,State Street Corporation Common Stock,$87.33,1.12,1.299%,30370603194.00,United States,,2230739,Finance,Investment Managers
STWD,STARWOOD PROPERTY TRUST INC. Starwood Property Trust Inc.,$25.09,-0.27,-1.065%,7170287968.00,United States,2009,2639398,Consumer Services,Real Estate Investment Trusts
STZ,Constellation Brands Inc. Common Stock,$241.62,1.92,0.801%,46880976498.00,United States,,735673,Consumer Non-Durables,Beverages (Production/Distribution)
SU,Suncor Energy  Inc. Common Stock,$22.99,0.24,1.055%,35004169238.00,Canada,,4538586,Energy,Integrated oil Companies
SUI,Sun Communities Inc. Common Stock,$164.34,1.86,1.145%,18377918369.00,United States,1993,399462,Consumer Services,Real Estate Investment Trusts
SUN,Sunoco LP Common Units representing limited partner interests,$35.93,-0.71,-1.938%,3584178538.00,United States,2012,1295185,Energy,Oil Refining/Marketing
SWI,SolarWinds Corporation Common Stock,$16.69,0.13,0.785%,5269124378.00,United States,2018,571496,Technology,Computer Software: Prepackaged Software
SWN,Southwestern Energy Company Common Stock,$4.68,0.01,0.214%,3167661552.00,United States,,8136377,Energy,Oil & Gas Production
SXT,Sensient Technologies Corporation Common Stock,$84.42,0.73,0.872%,3575388088.00,United States,,146293,Basic Industries,Major Chemicals
SYF,Synchrony Financial Common Stock,$44.90,0.11,0.246%,26113788230.00,United States,2014,6489337,Finance,Diversified Financial Services
SYK,Stryker Corporation Common Stock,$254.13,1.06,0.419%,95742935187.00,United States,,1029566,Health Care,Medical/Dental Instruments
SYY,Sysco Corporation Common Stock,$85.38,2.34,2.818%,43578973657.00,United States,,3141565,Consumer Non-Durables,Food Distributors
T,AT&T Inc.,$32.41,0.38,1.186%,231407400000.00,United States,,29104831,Consumer Services,Telecommunications Equipment
TAP,Molson Coors Beverage Company Class B Common Stock,$59.45,2.50,4.39%,12895723141.00,Canada,,3294300,Consumer Non-Durables,Beverages (Production/Distribution)
TDC,Teradata Corporation Common Stock,$48.45,-0.45,-0.92%,5306413236.00,United States,,1792445,Technology,EDP Services
TDOC,Teladoc Health Inc. Common Stock,$151.90,-5.09,-3.242%,23472465526.00,United States,2015,5150418,Health Care,Medical/Nursing Services
TECK,Teck Resources Ltd Ordinary Shares,$24.65,0.57,2.367%,13106405000.00,Canada,,7649040,Basic Industries,Precious Metals
TFC,Truist Financial Corporation Common Stock,$61.05,0.45,0.743%,82102797873.00,United States,,4109548,Finance,Major Banks
TFX,Teleflex Incorporated Common Stock,$407.54,-2.80,-0.682%,19045433962.00,United States,,288824,Health Care,Medical/Dental Instruments
TGNA,TEGNA Inc,$20.11,0.25,1.259%,4436801851.00,United States,,803941,Consumer Services,Broadcasting
TGT,Target Corporation Common Stock,$213.00,0.59,0.278%,105982629390.00,United States,,2225396,Consumer Services,Department/Specialty Retail Stores
THC,Tenet Healthcare Corporation Common Stock,$65.41,1.28,1.996%,6964283089.00,United States,,940860,Health Care,Hospital/Nursing Management
THG,Hanover Insurance Group Inc,$141.00,2.41,1.739%,5129651346.00,United States,,167170,Finance,Property-Casualty Insurers
THO,Thor Industries Inc. Common Stock,$146.59,0.67,0.459%,8116137268.00,United States,,409484,Consumer Non-Durables,Homebuilding
THS,Treehouse Foods Inc. Common Stock,$48.31,0.05,0.104%,2701428049.00,United States,,941851,Consumer Non-Durables,Packaged Foods
TJX,TJX Companies Inc. (The) Common Stock,$71.76,0.73,1.028%,86542227679.00,United States,,5838691,Consumer Services,Department/Specialty Retail Stores
TPL,Texas Pacific Land Corporation Common Stock,$1607.88,-93.98,-5.522%,12470968109.00,United States,,58937,Energy,Oil & Gas Production
TPR,Tapestry Inc. Common Stock,$46.80,-1.61,-3.326%,13002824156.00,United States,,6946880,Consumer Non-Durables,Apparel
TPX,Tempur Sealy International Inc. Common Stock,$38.68,-0.36,-0.922%,7804380709.00,United States,2003,1629818,Consumer Durables,Home Furnishings
TR,Tootsie Roll Industries Inc. Common Stock,$31.98,0.09,0.282%,2108406542.00,United States,,167243,Consumer Non-Durables,Specialty Foods
TRNO,Terreno Realty Corporation Common Stock,$63.69,1.07,1.709%,4386206932.00,United States,2010,238276,Consumer Services,Real Estate Investment Trusts
TROX,Tronox Holdings plc Ordinary Shares (UK),$23.61,0.24,1.027%,3618481113.00,United States,,1332166,Basic Industries,Multi-Sector Companies
TRU,TransUnion Common Stock,$105.07,-1.53,-1.435%,20097014919.00,United States,2015,699152,Technology,Advertising
TRV,The Travelers Companies Inc. Common Stock,$160.50,1.21,0.76%,40360175354.00,United States,,1007610,Finance,Property-Casualty Insurers
TSN,Tyson Foods Inc. Common Stock,$78.39,0.52,0.668%,28591391258.00,United States,,1973650,Consumer Non-Durables,Meat/Poultry/Fish
TV,Grupo Televisa S.A. Common Stock,$12.72,0.30,2.415%,7077943143.00,Mexico,1993,1577930,Consumer Services,Broadcasting
TYL,Tyler Technologies Inc. Common Stock,$403.02,2.04,0.509%,16409055219.00,United States,,230453,Technology,Computer Software: Prepackaged Software
U,Unity Software Inc. Common Stock,$88.32,-3.68,-4.00%,24670274308.00,United States,2020,5325977,Technology,Retail: Computer Software & Peripheral Equipment
UA,Under Armour Inc. Class C Common Stock,$20.44,-0.69,-3.265%,9301325018.00,United States,2016,3000396,Consumer Non-Durables,Apparel
UAA,Under Armour Inc. Class A Common Stock,$24.70,-0.83,-3.251%,11239859488.00,United States,,5538257,Consumer Non-Durables,Apparel
UDR,UDR Inc. Common Stock,$45.88,0.87,1.933%,13618771586.00,United States,,1976743,Consumer Services,Real Estate Investment Trusts
UE,Urban Edge Properties Common Shares of Beneficial Interest,$18.93,0.38,2.049%,2215284310.00,United States,2015,385124,Consumer Services,Real Estate Investment Trusts
UFS,Domtar Corporation (NEW) Common Stock,$48.49,0.00,0.00%,2435863147.00,Canada,,1450951,Basic Industries,Paper
UHS,Universal Health Services Inc. Common Stock,$154.49,0.96,0.625%,13151371730.00,United States,,439681,Health Care,Hospital/Nursing Management
UI,Ubiquiti Inc. Common Stock,$266.36,-3.63,-1.344%,16729853718.00,United States,,120228,Technology,Radio And Television Broadcasting And Communications Equipment
UNFI,United Natural Foods Inc. Common Stock,$36.36,1.59,4.573%,2046923869.00,United States,2019,914402,Consumer Non-Durables,Food Distributors
UNH,UnitedHealth Group Incorporated Common Stock (DE),$414.97,2.47,0.599%,391685447777.00,United States,,3058676,Health Care,Medical Specialities
UNM,Unum Group Common Stock,$30.05,0.57,1.934%,6135866108.00,United States,,2082289,Finance,Accident &Health Insurance
UNVR,Univar Solutions Inc. Common Stock,$24.29,0.54,2.274%,4116645372.00,United States,2015,513716,Basic Industries,Specialty Chemicals
URI,United Rentals Inc. Common Stock,$342.58,9.87,2.967%,24795303886.00,United States,1997,699599,Technology,Diversified Commercial Services
USB,U.S. Bancorp Common Stock,$61.44,1.05,1.739%,91975680000.00,United States,,5512549,Finance,Major Banks
USFD,US Foods Holding Corp. Common Stock,$40.13,1.06,2.713%,8876708486.00,United States,2016,2004364,Consumer Non-Durables,Food Distributors
USNA,USANA Health Sciences Inc. Common Stock,$98.46,3.86,4.08%,2030605957.00,United States,,133312,Consumer Durables,Specialty Chemicals
UTZ,Utz Brands Inc Class A Common Stock ,$28.67,-1.13,-3.792%,3922939982.00,United States,2018,546025,Consumer Non-Durables,Specialty Foods
VAC,Marriott Vacations Worldwide Corporation Common Stock,$171.63,-2.58,-1.481%,7327145749.00,United States,,577816,Consumer Services,Hotels/Resorts
VER,VEREIT Inc. Common Stock,$46.65,0.19,0.409%,10688881985.00,United States,,3586108,Consumer Services,Real Estate Investment Trusts
VFC,V.F. Corporation Common Stock,$89.27,0.75,0.847%,34975243898.00,United States,,1907410,Consumer Non-Durables,Apparel
VGR,Vector Group Ltd. Common Stock,$13.89,0.71,5.387%,2141763397.00,United States,,834996,Consumer Non-Durables,Farming/Seeds/Milling
VLO,Valero Energy Corporation Common Stock,$80.46,0.40,0.50%,32888842876.00,United States,,2786876,Energy,Integrated oil Companies
VMW,Vmware Inc. Common stock Class A,$162.33,2.29,1.431%,68015676359.00,United States,2007,1049357,Technology,Computer Software: Prepackaged Software
VNO,Vornado Realty Trust Common Stock,$46.83,0.62,1.342%,8966289934.00,United States,,1098826,Consumer Services,Real Estate Investment Trusts
VOYA,Voya Financial Inc. Common Stock,$69.72,-0.31,-0.443%,8449259710.00,United States,2013,717054,Finance,Investment Managers
VRT,Vertiv Holdings LLC Class A Common Stock,$22.86,-0.03,-0.131%,8035673819.00,United States,2018,2999781,Consumer Durables,Electrical Products
VSTO,Vista Outdoor Inc. Common Stock,$34.51,-0.97,-2.734%,2012737048.00,United States,2015,2288252,Consumer Non-Durables,Recreational Products/Toys
VTR,Ventas Inc. Common Stock,$54.01,0.70,1.313%,20256640831.00,United States,,2576715,Consumer Services,Real Estate Investment Trusts
VVV,Valvoline Inc. Common Stock,$31.92,-0.07,-0.219%,5779995141.00,United States,2016,1281916,Basic Industries,Automotive Aftermarket
W,Wayfair Inc. Class A Common Stock,$286.13,15.16,5.595%,29676367237.00,United States,2014,4395317,Consumer Services,Catalog/Specialty Distribution
WAL,Western Alliance Bancorporation Common Stock (DE),$105.77,-2.06,-1.91%,10936311479.00,United States,2005,807130,Finance,Major Banks
WAT,Waters Corporation Common Stock,$309.01,0.55,0.178%,19176876929.00,United States,1995,328229,Health Care,Medical Specialities
WBS,Webster Financial Corporation Common Stock,$55.57,0.18,0.325%,5024158219.00,United States,,550507,Finance,Major Banks
WCC,WESCO International Inc. Common Stock,$102.96,8.98,9.555%,5166533521.00,United States,1999,930839,Consumer Non-Durables,Telecommunications Equipment
WD,Walker & Dunlop Inc Common Stock,$100.73,-12.50,-11.039%,3116613095.00,United States,2010,778186,Finance,Finance: Consumer Services
WELL,Welltower Inc. Common Stock,$73.51,0.86,1.184%,30691931955.00,United States,,1322569,Consumer Services,Real Estate Investment Trusts
WES,Western Midstream Partners LP Common Units Representing Limited Partner Interests,$20.84,0.46,2.257%,8608214852.00,United States,2012,1057008,Energy,Oilfield Services/Equipment
WEX,WEX Inc. common stock,$198.66,-1.83,-0.913%,8856781303.00,United States,,383386,Technology,EDP Services
WFC,Wells Fargo & Company Common Stock,$46.63,0.69,1.502%,193100442340.00,United States,,34225966,Finance,Major Banks
WGO,Winnebago Industries Inc. Common Stock,$83.58,0.87,1.052%,2808301289.00,United States,,432548,Consumer Non-Durables,Homebuilding
WHR,Whirlpool Corporation Common Stock,$250.22,3.37,1.365%,15669964945.00,United States,,532678,Consumer Durables,Consumer Electronics/Appliances
WK,Workiva Inc. Class A Common Stock,$86.14,-4.36,-4.818%,4300679133.00,United States,2014,467659,Technology,Computer Software: Prepackaged Software
WLK,Westlake Chemical Corporation Common Stock,$102.28,0.27,0.265%,13105015096.00,United States,2004,354077,Basic Industries,Major Chemicals
WMT,Walmart Inc. Common Stock,$141.05,0.45,0.32%,396841580385.00,United States,,5430728,Consumer Services,Department/Specialty Retail Stores
WOR,Worthington Industries Inc. Common Stock,$71.11,0.89,1.267%,3768184392.00,United States,,198003,Consumer Durables,Aerospace
WPC,W. P. Carey Inc. REIT,$74.00,-0.19,-0.256%,13169431904.00,United States,,709174,Consumer Services,Real Estate Investment Trusts
WRB,W.R. Berkley Corporation Common Stock,$80.87,0.48,0.597%,14972337871.00,United States,,663183,Finance,Property-Casualty Insurers
WRI,Weingarten Realty Investors Common Stock,$32.23,0.47,1.48%,4113410829.00,United States,,1214011,Consumer Services,Real Estate Investment Trusts
WSM,Williams-Sonoma Inc. Common Stock (DE),$183.15,7.63,4.347%,13787954527.00,United States,,1648753,Consumer Services,Other Specialty Stores
WST,West Pharmaceutical Services Inc. Common Stock,$329.42,0.82,0.25%,24327777685.00,United States,,224745,Health Care,Medical/Dental Instruments
WTM,White Mountains Insurance Group Ltd. Common Stock,$1213.97,10.57,0.878%,3772128920.00,United States,,14739,Finance,Property-Casualty Insurers
WWE,World Wrestling Entertainment Inc. Class A Common Stock,$54.96,0.75,1.384%,4196775223.00,United States,,338595,Consumer Services,Movies/Entertainment
WWW,Wolverine World Wide Inc. Common Stock,$43.30,-0.42,-0.961%,3576466944.00,United States,,676038,Consumer Non-Durables,Shoe Manufacturing
WY,Weyerhaeuser Company Common Stock,$39.22,0.66,1.712%,29384212300.00,United States,,5736488,Consumer Services,Real Estate Investment Trusts
X,United States Steel Corporation Common Stock,$25.96,0.24,0.933%,7000408127.00,United States,,20103857,Basic Industries,Steel/Iron Ore
XEC,Cimarex Energy Co Common Stock,$69.02,-1.35,-1.918%,7097116503.00,United States,,1562326,Energy,Oil & Gas Production
XHR,Xenia Hotels & Resorts Inc. Common Stock,$18.72,-0.70,-3.605%,2130412265.00,United States,2015,567994,Consumer Services,Real Estate Investment Trusts
XOM,Exxon Mobil Corporation Common Stock,$61.55,0.58,0.951%,260573326309.00,United States,,26825937,Energy,Oil & Gas Production
XRX,Xerox Holdings Corporation Common Stock,$24.32,0.45,1.885%,4668151040.00,United States,,1415589,Technology,EDP Services
Y,Alleghany Corporation Common Stock,$703.56,9.66,1.392%,9829886335.00,United States,,63008,Finance,Property-Casualty Insurers
YELP,Yelp Inc. Common Stock,$38.23,-0.50,-1.291%,2868612823.00,United States,2012,1132862,Technology,Internet and Information Services
YETI,YETI Holdings Inc. Common Stock,$88.11,1.41,1.626%,7686631903.00,United States,2018,1082827,Consumer Services,Movies/Entertainment
YUM,Yum! Brands Inc.,$121.29,0.20,0.165%,36144420000.00,United States,,1190154,Consumer Services,Restaurants
YUMC,Yum China Holdings Inc. Common Stock,$61.96,-0.01,-0.016%,26052170947.00,United States,2016,1653688,Consumer Services,Restaurants
ZBH,Zimmer Biomet Holdings Inc. Common Stock,$173.23,-0.32,-0.184%,36086683059.00,United States,,760501,Health Care,Industrial Specialties
ZTS,Zoetis Inc. Class A Common Stock,$167.52,-6.34,-3.647%,79569580341.00,United States,2013,3199090,Health Care,Major Pharmaceuticals
